user,total_emails,total_attachments,avg_email_size,off_hour_emails,weekend_emails,employee_name,user_id,O,C,E,A,N,anomaly_label,anomaly_flag,anomaly_score
AAE0190,4711,1780,30020.39418382509,499,0,August Armando Evans,AAE0190,36,30,14,50,29,1,0,0.11073046610599924
AAF0535,480,364,30397.40208333333,1,0,Athena Amelia Foreman,AAF0535,17,21,36,33,31,1,0,0.1198897367531786
AAF0791,3012,0,29958.49767596281,377,0,Aladdin Abraham Foley,AAF0791,14,40,40,50,34,1,0,0.08353183067825731
AAL0706,336,145,29828.18154761905,54,0,April Alika Levy,AAL0706,37,14,28,13,25,1,0,0.13776693749066682
AAM0658,659,613,29895.53262518968,146,0,Abel Adam Morton,AAM0658,43,35,37,36,22,1,0,0.14928501631357455
AAN0823,339,149,29791.21238938053,52,0,Anthony Aidan Nixon,AAN0823,24,16,45,24,28,1,0,0.13438048890093096
AAS0442,145,127,30387.103448275862,14,0,Amal Alexander Shelton,AAS0442,36,43,22,22,31,1,0,0.1389416595442619
AAV0450,336,125,30101.818452380958,37,0,Aspen Amber Vinson,AAV0450,44,24,36,41,33,1,0,0.15231290777090473
AAW0353,1000,0,29620.004,122,0,Armando Albert Walter,AAW0353,49,45,19,25,34,1,0,0.12034146035768717
ABC0174,4239,981,29848.87780136825,888,601,Allegra Bree Coffey,ABC0174,15,41,34,13,32,1,0,0.054628649283620656
ABC0253,3015,628,30265.86069651741,532,0,Alec Boris Chase,ABC0253,21,15,41,30,28,1,0,0.14265407622355392
ABH0663,1006,224,29335.427435387675,180,0,Alan Benjamin Holder,ABH0663,47,49,41,11,34,1,0,0.06066771539417981
ABM0845,340,92,29456.2,57,0,Ariel Bertha Murphy,ABM0845,45,21,35,50,29,1,0,0.0919419749283068
ABN0239,3023,1206,30014.550115779028,447,0,Amaya Britanni Newton,ABN0239,21,37,20,39,25,1,0,0.1627582834253823
ACC0042,3676,2158,30021.77176278564,799,0,Alfonso Colin Cooley,ACC0042,23,19,37,20,31,1,0,0.16126841898382055
ACV0812,3040,1651,30008.488815789475,685,0,Alden Caesar Velez,ACV0812,42,37,12,45,28,1,0,0.13678927897344956
ADC0391,3057,2335,29973.24860974812,373,0,Axel Donovan Compton,ADC0391,50,43,40,33,38,1,0,0.11420505914151635
ADD0846,333,173,30745.543543543543,45,0,Aretha Dorothy Deleon,ADD0846,18,19,25,12,35,1,0,0.08178321279743528
ADF0397,3038,621,29737.61948650428,364,0,Ariana Doris Frazier,ADF0397,39,16,10,40,35,1,0,0.10829272985387173
AES0827,336,0,29789.61607142857,47,0,Addison Edward Snyder,AES0827,39,40,34,38,23,1,0,0.14431745300716003
AGB0186,1003,0,29865.22033898305,183,0,Alfonso Gage Blankenship,AGB0186,18,10,41,15,35,1,0,0.10628778405455386
AGB0643,1012,368,30272.84980237154,222,0,Armand Gabriel Brewer,AGB0643,32,39,20,44,27,1,0,0.1420646976026953
AHC0142,3382,1844,30189.718805440567,684,286,Azalia Halee Cantu,AHC0142,34,23,40,15,26,1,0,0.10998628179269565
AHD0848,376,271,29807.81914893617,54,31,Aladdin Hu Day,AHD0848,24,30,49,16,30,1,0,0.09968745511805849
AHG0634,463,251,30719.27429805616,99,0,Amir Hayden Gray,AHG0634,31,36,42,41,27,1,0,0.09721745378091917
AHM0410,3063,1931,29957.748612471438,416,27,Addison Hiram Morrow,AHM0410,34,43,15,18,26,1,0,0.16302253987911636
AIB0948,328,66,30101.585365853654,80,0,Ariel Ina Barrett,AIB0948,42,31,27,20,31,1,0,0.16979904223721276
AIH0675,2994,1267,30023.188376753507,462,0,Aline Iris Hurst,AIH0675,25,39,38,40,37,1,0,0.15057474008410787
AIM0627,5009,0,29983.91994410062,750,0,Adam Ishmael Mcdaniel,AIM0627,36,39,16,41,23,1,0,0.1218184922980608
AIP0394,3044,1809,30219.256570302237,399,0,Anika Isabella Pennington,AIP0394,17,16,38,14,26,1,0,0.13157143037175173
AIP0982,3328,1864,29854.28094951923,577,0,Althea Ina Palmer,AIP0982,43,20,43,41,33,1,0,0.13861444011065666
AIS0405,2995,1355,29678.196994991653,407,0,Amaya Iola Sawyer,AIS0405,40,45,14,37,35,1,0,0.137510799677747
AJC0840,364,87,30738.021978021978,48,0,Anne Jane Carey,AJC0840,14,24,19,33,37,1,0,0.09275087229781837
AJD0074,3781,2144,30120.35731288019,985,373,Alden Jesse Day,AJD0074,19,37,45,22,34,1,0,0.07023685375206912
AJF0370,3927,2212,30341.451489686784,589,193,Arthur John Floyd,AJF0370,37,33,11,15,36,1,0,0.0941468336082566
AJH0175,4976,1042,30211.925442122185,876,0,Aurora Jael Hopkins,AJH0175,19,19,16,33,37,1,0,0.10448752741275924
AJL0462,338,181,30044.615384615383,56,0,Akeem Jerry Lopez,AJL0462,16,24,44,31,28,1,0,0.13377248157583477
AJN0607,5022,3717,29752.1027479092,678,0,Armand Jasper Nicholson,AJN0607,45,42,16,47,23,1,0,0.04210474290518762
AJP0723,337,0,30177.9940652819,54,0,Ann Jolie Potts,AJP0723,24,29,17,12,29,1,0,0.13475241938937338
AJR0319,6434,3286,30298.997979483996,1484,1411,Arthur Jacob Raymond,AJR0319,40,13,37,16,24,-1,1,-0.08088519130137994
AJR0932,1709,0,30017.51492100644,337,0,Amal Judah Rich,AJR0932,46,30,35,12,29,1,0,0.1430094260304533
AKC0924,3047,1336,29946.519855595667,442,0,Amena Karyn Christian,AKC0924,40,44,35,37,27,1,0,0.17351381085361967
AKF0709,331,0,29338.92447129909,51,0,Amity Kendall Foley,AKF0709,42,31,29,22,32,1,0,0.12572784254882824
AKH0758,1008,411,30344.751984126982,106,0,Adam Kendall Harrell,AKH0758,24,38,40,37,27,1,0,0.14530235205676245
AKK0329,1011,693,29979.563798219584,165,0,Anastasia Kylan Kaufman,AKK0329,45,22,25,39,22,1,0,0.14554156616796327
AKR0057,2459,446,30059.79097193981,372,0,Aurora Katell Rhodes,AKR0057,50,41,20,18,30,1,0,0.15196385006633878
AKW0167,3685,792,30094.18236092266,714,0,Arsenio Kato Wilder,AKW0167,38,38,20,14,35,1,0,0.1624232740344433
ALB0892,680,151,29952.011764705883,0,166,Arthur Lucian Bonner,ALB0892,25,19,44,22,30,1,0,0.10586876781710602
ALC0788,1004,668,30369.637450199203,139,0,Amy Lucy Chen,ALC0788,34,18,15,36,35,1,0,0.14003599858061777
ALD0529,993,578,30285.170191339377,13,0,Alma Leila Duncan,ALD0529,35,21,19,21,27,1,0,0.16874926991614958
ALD0544,2971,2087,30073.18007404914,414,0,Ayanna Leandra Dunlap,ALD0544,16,18,18,13,32,1,0,0.12755431509863685
ALH0402,3039,1263,29808.00888450148,319,0,Adena Lisandra Hardin,ALH0402,43,23,43,46,32,1,0,0.12542375119060528
AMD0077,5984,2210,29734.398729946523,1440,0,Ainsley MacKensie Doyle,AMD0077,23,19,12,25,25,1,0,0.03219264246010245
AMH0464,337,127,29419.109792284868,38,0,Alfreda Morgan Holloway,AMH0464,45,16,42,37,21,1,0,0.10508395907031148
AMH0794,2957,1333,29991.35847142374,329,0,Ali Murphy Hurley,AMH0794,43,42,33,40,31,1,0,0.171915871328016
AMJ0297,330,0,30637.55757575757,2,0,Albert Mohammad Joseph,AMJ0297,16,43,50,18,28,1,0,0.06207999666094821
AMM0014,6029,0,30108.52861171007,710,0,Alec Mannix Mcneil,AMM0014,48,38,15,44,36,1,0,0.07852398072831285
AMR0318,4974,1007,30119.86369119421,879,0,Axel Malik Rosa,AMR0318,45,50,17,25,21,1,0,0.09898992843232773
AMR0400,2987,0,29819.65651155005,385,0,Aurelia Martina Reese,AMR0400,19,16,47,28,28,1,0,0.11582300485512392
AMV0036,4711,0,29808.875185735516,811,0,Aquila Mark Vega,AMV0036,43,36,42,37,26,1,0,0.12643783677788528
AMW0392,3956,706,29891.060161779576,599,866,Alea Maggie Whitfield,AMW0392,47,47,22,44,26,1,0,0.0438214956996118
ANM0123,270,184,29891.666666666668,30,0,Astra Nicole Maldonado,ANM0123,22,15,16,21,26,1,0,0.1367610559620211
ANP0555,3009,0,29985.15653040877,375,0,Alexa Nadine Poole,ANP0555,13,40,42,23,28,1,0,0.13383596793925712
ANT0430,3003,2129,29809.30036630037,465,0,Amaya Noelle Terrell,ANT0430,12,19,23,48,31,1,0,0.10538761834928273
AOB0019,3638,754,29894.587135788894,495,0,Azalia Orli Beach,AOB0019,11,17,13,24,28,1,0,0.12243897243268831
AOK0844,370,211,30846.643243243245,75,111,Armand Odysseus Key,AOK0844,11,30,44,26,31,1,0,0.049044196447398214
AOS0987,3017,1559,29971.71030825323,0,0,Alice Orli Stout,AOS0987,16,32,40,30,27,1,0,0.13159340075961223
APG0307,330,132,29305.418181818182,1,0,Aaron Porter Gutierrez,APG0307,43,39,36,43,22,1,0,0.1061601334775597
AQD0820,3018,1210,30396.96653412856,622,0,Akeem Quamar Davenport,AQD0820,41,31,27,24,39,1,0,0.1407836222127058
ARA0252,2981,2054,29871.842334786983,471,0,Alexander Rafael Arnold,ARA0252,39,39,27,21,35,1,0,0.1696909226296225
ARB0834,207,94,29684.710144927536,30,0,Amelia Rhoda Burgess,ARB0834,40,42,40,49,26,1,0,0.11347576904589668
ARB0881,1016,760,29696.366141732284,0,0,Abel Reese Boone,ARB0881,38,46,43,10,35,1,0,0.10252994573318774
ARD0509,994,613,30588.818913480885,18,0,Abdul Ralph Deleon,ARD0509,50,40,35,32,32,1,0,0.11963380872915069
ARL0034,4670,1619,30079.105995717346,872,0,August Ronan Lucas,ARL0034,41,39,27,21,26,1,0,0.1535713886944407
ASB0796,2298,850,30290.52828546562,294,0,Ayanna Sylvia Blankenship,ASB0796,30,40,23,38,34,1,0,0.15197823785336922
ASD0577,329,0,30248.662613981764,26,0,Aquila Stewart Dejesus,ASD0577,40,48,36,14,37,1,0,0.1101044061983012
ASG0048,3631,2988,29989.74084274305,401,0,Alec Scott Goff,ASG0048,41,36,19,24,37,1,0,0.1375400639214226
ASG0692,2990,707,29707.754180602005,66,0,Anastasia Sage Griffith,ASG0692,26,40,41,23,27,1,0,0.1418117968222795
ASL0378,2992,1408,30163.7814171123,539,0,Axel Seth Lewis,ASL0378,15,15,41,21,27,1,0,0.14428784596919125
ASM0575,330,283,29928.484848484848,35,0,Aurora Sarah Manning,ASM0575,42,25,21,45,30,1,0,0.15029961542128295
ASS0206,4660,0,29922.06330472103,911,0,Ashely Sarah Shields,ASS0206,12,18,20,28,30,1,0,0.09990077446349149
ASS0517,1011,571,30654.524233432247,12,0,Alfreda Sierra Savage,ASS0517,36,35,47,44,32,1,0,0.09050628539344213
ASV0946,331,284,30807.495468277943,88,0,Alice Sierra Valenzuela,ASV0946,35,12,46,17,26,1,0,0.08298035423410371
ATE0869,7519,4531,29953.61165048544,1219,2092,Aquila Tanner Ellison,ATE0869,13,15,40,44,33,-1,1,-0.10823824017720773
ATF0274,3019,1862,29615.13812520702,605,0,Alea Tana Ferrell,ATF0274,20,45,48,27,28,1,0,0.09941380859844323
ATP0662,5103,3819,29872.842445620223,159,277,Aurora Tatiana Payne,ATP0662,17,16,41,20,39,1,0,0.02417641744573329
AVM0947,337,74,30544.86646884273,81,0,Ayanna Vivian Murray,AVM0947,10,25,30,44,39,1,0,0.07358097129107743
AWM0764,1003,216,29951.934197407776,122,0,Akeem William Mayer,AWM0764,47,37,39,42,36,1,0,0.14574652118022563
BAH0875,5386,917,30133.130894912734,686,0,Brianna Aretha Hopper,BAH0875,43,19,26,17,30,1,0,0.14863903281859897
BAJ0654,986,517,29923.324543610543,223,0,Brock Aladdin Joyce,BAJ0654,36,10,47,10,41,1,0,0.05936465227463272
BAK0964,340,133,30463.99411764706,64,0,Beatrice Alexis Kidd,BAK0964,25,16,22,18,28,1,0,0.1328464016938034
BAL0044,3696,2418,30091.76542207792,815,0,Byron Armand Livingston,BAL0044,14,41,26,44,30,1,0,0.11643847452237738
BAM0611,5016,3049,29957.359250398724,708,0,Brielle Aubrey Marks,BAM0611,25,30,39,23,25,1,0,0.12462830430930283
BAM0636,1001,193,29857.72127872128,196,0,Brenda Alika Matthews,BAM0636,13,40,46,42,39,1,0,0.08670705113725818
BBG0325,5032,2509,29732.17865659777,913,0,Blair Bruno Grimes,BBG0325,41,50,30,37,40,1,0,0.07658849916591776
BBH0810,3035,0,30306.330148270183,701,0,Bruno Beau Hoover,BBH0810,40,25,10,21,32,1,0,0.11100433350293648
BBS0039,1679,710,29753.76593210244,377,0,Bevis Brady Sheppard,BBS0039,44,37,34,21,40,1,0,0.1350623217290679
BBS0422,3487,1922,29867.85001433897,543,399,Buckminster Benjamin Swanson,BBS0422,39,42,29,41,18,1,0,0.08364635903757
BCB0679,2439,1687,30062.648626486265,393,0,Buckminster Connor Bush,BCB0679,46,36,39,31,31,1,0,0.16765513167784718
BCM0653,1021,209,30178.9833496572,229,0,Bevis Christopher Mcknight,BCM0653,45,34,41,18,31,1,0,0.16431628434295886
BCR0581,329,245,29933.49848024316,31,0,Bruno Carter Robles,BCR0581,20,11,34,36,30,1,0,0.1326040063386576
BDB0453,338,0,29332.659763313608,47,0,Brett Damian Beck,BDB0453,41,42,27,41,26,1,0,0.12050200890572837
BDI0533,1302,706,29780.524577572964,15,285,Bruno Donovan Ingram,BDI0533,37,36,15,41,19,1,0,0.07048481865227052
BDV0168,2427,846,30064.23073753605,404,0,Blair Deborah Vaughn,BDV0168,45,31,19,21,31,1,0,0.17569178734826768
BEC0505,5019,2676,30000.263996812115,672,0,Bruce Eden Clemons,BEC0505,35,21,30,19,32,1,0,0.14732286164972552
BEH0615,5123,2730,30103.44329494437,840,15,Barclay Eaton Hensley,BEH0615,24,20,50,22,26,1,0,0.09301767024120927
BER0314,4963,986,30238.158976425548,850,0,Bianca Elizabeth Roach,BER0314,23,20,18,19,32,1,0,0.1259939461885793
BHC0665,2973,2331,30245.266061217622,255,0,Blaine Helen Cervantes,BHC0665,14,21,12,12,32,1,0,0.09508770845792658
BHW0458,333,153,30922.68768768769,36,0,Beau Hall Watts,BHW0458,36,32,28,30,29,1,0,0.1076759931439405
BIH0745,2087,1469,29749.15955917585,320,0,Benjamin Ignatius Hooper,BIH0745,43,39,50,27,25,1,0,0.11254959537405468
BIS0247,2984,598,30203.46481233244,406,0,Bryar Ivana Sweet,BIS0247,36,19,18,39,37,1,0,0.15197932196890074
BJH0354,4727,0,29868.257668711656,553,0,Bert Jason Henderson,BJH0354,22,21,31,20,36,1,0,0.1320576763102816
BJH0811,3038,0,29900.20375246873,696,0,Blaze Jakeem Hahn,BJH0811,48,39,44,14,40,1,0,0.08495512678118472
BJM0111,1082,712,29881.523105360444,0,48,Bell Jorden Martinez,BJM0111,22,24,39,41,19,1,0,0.10676241428127864
BJP0134,338,207,30323.76627218935,7,0,Beck John Peters,BJP0134,42,17,44,21,39,1,0,0.11418933916810253
BJW0619,4973,976,29861.956364367587,859,0,Blaine Jelani Weeks,BJW0619,30,43,47,21,39,1,0,0.08980066313081259
BKW0374,3612,1212,30058.34025470653,538,0,Blossom Keiko Weiss,BKW0374,41,38,17,46,27,1,0,0.15895584276456326
BLB0114,3016,2694,30060.930702917773,0,0,Brent Laith Beck,BLB0114,38,48,41,15,22,1,0,0.10420244162358933
BLL0929,2981,1314,30055.57799396176,722,0,Bethany Lydia Lyons,BLL0929,44,49,10,41,39,1,0,0.0937657588161327
BLS0678,1729,1169,29768.91960670908,276,0,Benjamin Lewis Sweeney,BLS0678,35,17,43,28,31,1,0,0.1494059979559585
BMC0547,3034,0,30296.58998022413,385,0,Britanni Marah Cash,BMC0547,41,18,22,21,35,1,0,0.15463377390895933
BMG0917,3039,617,29831.986837775585,448,0,Beverly Melissa Garner,BMG0917,43,36,41,23,34,1,0,0.16597128227875835
BMM0112,1013,350,29920.38104639684,0,0,Barry Martin Mason,BMM0112,40,36,24,40,25,1,0,0.16397626156597211
BMS0877,1786,1346,29865.20940649496,277,0,Brynn Madeline Sherman,BMS0877,31,50,11,43,33,1,0,0.0876450446130757
BMT0528,1010,768,30206.80891089109,11,0,Brittany Mona Terry,BMT0528,33,25,39,25,30,1,0,0.17122816240432337
BNG0237,3008,2404,29886.67553191489,441,0,Brian Nathaniel Greer,BNG0237,39,36,36,47,27,1,0,0.15316995100745423
BNR0965,333,241,29342.3963963964,82,0,Basia Nevada Riggs,BNR0965,47,19,15,20,22,1,0,0.09618296528708653
BQS0525,142,76,29700.323943661973,0,41,Britanney Quail Snyder,BQS0525,42,38,19,45,30,1,0,0.11061210749595962
BRB0355,4389,2421,29998.231259968103,57,969,Burke Randall Burnett,BRB0355,33,21,37,19,29,1,0,0.03629446554716087
BRM0995,3044,1665,29647.359724047303,571,0,Brianna Rebecca Mcintyre,BRM0995,20,11,32,26,40,1,0,0.08834990705500423
BRS0734,1497,931,29545.795591182366,280,233,Burke Rooney Stafford,BRS0734,32,39,47,10,30,1,0,0.0639185899757917
BSA0431,3044,618,29985.483902759526,427,0,Blossom Scarlett Aguirre,BSA0431,50,41,19,40,29,1,0,0.15874251435120645
BSB0990,3015,1271,29914.03416252073,791,0,Bruce Sawyer Barrera,BSB0990,34,44,13,43,37,1,0,0.1163364860757033
BSH0445,3043,1248,29617.097272428524,449,0,Bethany Stephanie Haynes,BSH0445,38,22,30,15,21,1,0,0.12776427824590475
BSS0369,2300,491,30380.55826086957,297,432,Brenden Samuel Shaffer,BSS0369,39,42,34,14,32,1,0,0.09879022560160078
BSS0463,335,326,30654.17910447761,39,0,Bruno Stewart Silva,BSS0463,32,40,40,38,28,1,0,0.11787733010991619
BTL0226,1862,974,30082.817937701395,235,0,Bernard Tobias Landry,BTL0226,36,44,37,38,31,1,0,0.16345152459039103
BTL0722,334,153,29629.79341317365,63,0,Blair Todd Long,BTL0722,39,41,36,17,49,1,0,0.07998966510741812
BTN0061,3031,2340,30221.633784229627,472,0,Benjamin Tyrone Norman,BTN0061,42,21,22,20,22,1,0,0.1493523698642008
BTR0403,3003,583,29821.283383283386,435,0,Beck Troy Richards,BTR0403,47,47,21,17,28,1,0,0.15545952974151062
BTS0011,5930,2270,29872.29797639123,1130,0,Blaze Trevor Stone,BTS0011,25,42,16,25,29,1,0,0.09012110943255047
BTW0005,8950,5972,30050.931396648044,1605,0,Byron Tyrone Williamson,BTW0005,33,39,18,18,27,-1,1,-0.029905408724786642
BVC0790,3768,2055,29657.492834394903,11,736,Blythe Veda Cooke,BVC0790,24,18,18,36,38,1,0,0.015759926787177414
BVN0514,327,72,29945.363914373087,5,0,Buffy Vivien Nichols,BVN0514,36,23,30,23,22,1,0,0.1484717190657624
BWH0813,3035,2169,30203.19967051071,646,0,Brock William Hunter,BWH0813,36,36,33,20,30,1,0,0.17482797864071803
BWP0202,3663,1827,29822.819000819,706,0,Baxter William Price,BWP0202,20,36,15,25,28,1,0,0.14698595813163157
BXJ0010,6058,0,29889.293000990427,895,0,Bethany Xerxes Johnson,BXJ0010,46,24,30,35,34,1,0,0.11211916417961426
BYP0070,2060,0,30034.84708737864,290,0,Bertha Yetta Parrish,BYP0070,30,19,41,21,33,1,0,0.1570861035604847
CAA0612,5372,3286,29935.168652271037,747,0,Chelsea Aspen Allen,CAA0612,20,41,32,42,31,1,0,0.0981123920945366
CAB0388,2946,1908,29721.977257298036,481,0,Cedric Alexander Bowers,CAB0388,37,33,23,40,36,1,0,0.15023644616258341
CAB0614,5335,3264,30084.89409559513,915,0,Cora Aurora Buckner,CAB0614,17,38,22,12,34,1,0,0.07677039382711542
CAC0889,170,25,29852.229411764707,0,0,Caesar Allen Cash,CAC0889,46,49,32,41,27,1,0,0.10996642886849822
CAH0936,1512,936,30168.59656084656,390,0,Constance Audrey Hicks,CAH0936,40,22,39,50,24,1,0,0.09900266957604892
CAM0102,3038,0,30064.139894667544,681,0,Chandler Ashton Madden,CAM0102,31,44,19,15,27,1,0,0.14348824901469082
CAM0681,3033,1521,30071.68480052753,63,0,Cole Aaron Mcfarland,CAM0681,41,43,45,10,28,1,0,0.1269258556566128
CAN0842,338,0,30382.39349112426,54,0,Chadwick Armand Nunez,CAN0842,38,41,22,39,29,1,0,0.1484318008943044
CAS0507,1003,529,30450.49551345962,18,0,Carla Amelia Shannon,CAS0507,14,46,33,11,25,1,0,0.07114227255374028
CBB0365,3690,1571,30152.385365853657,489,0,Cain Byron Baldwin,CBB0365,37,17,20,41,33,1,0,0.15792362964425471
CBG0398,3019,1119,30194.969195097718,322,0,Courtney Brynn Garrett,CBG0398,40,21,41,10,24,1,0,0.13670410151060058
CBG0490,5029,1834,29676.475044740502,622,0,Callum Brendan Gonzalez,CBG0490,50,31,35,10,29,1,0,0.10213070344730185
CCA0046,2157,1191,29716.274455261937,463,0,Cyrus Connor Atkinson,CCA0046,36,43,25,15,28,1,0,0.15598995124408183
CCC0393,3056,628,30161.34980366492,340,0,Chaim Chadwick Chang,CCC0393,35,30,40,16,26,1,0,0.17017651283896412
CCH0182,1012,694,30127.165019762844,187,0,Clayton Clark Humphrey,CCH0182,42,44,47,23,29,1,0,0.14582879140348343
CCH0685,3049,2414,29715.947523778286,70,0,Cora Clementine Higgins,CCH0685,47,24,42,34,29,1,0,0.12507094613749092
CCL0068,2521,827,30118.67631892106,394,0,Camilla Camille Leach,CCL0068,13,16,23,19,23,1,0,0.12773176081570942
CCM0136,334,213,30172.84131736527,3,0,Cailin Casey Mckee,CCM0136,16,16,39,40,29,1,0,0.12199122475116009
CCM0467,335,142,29466.96119402985,49,0,Chester Caldwell Mendoza,CCM0467,43,40,19,26,25,1,0,0.13231821776769376
CCM0855,5114,877,30064.643723113026,575,0,Chanda Celeste Mosley,CCM0855,31,24,19,36,29,1,0,0.14803422534800165
CCR0863,5096,0,30049.95251177394,852,0,Charde Cynthia Rasmussen,CCR0863,20,30,37,14,29,1,0,0.12009313723655574
CCW0031,4717,1904,29988.18422726309,769,0,Clinton Coby Wolfe,CCW0031,33,47,30,39,33,1,0,0.1349540237590411
CCW0524,1009,415,29789.67988107037,17,0,Camilla Claire Whitehead,CCW0524,40,25,20,21,25,1,0,0.15281699616696176
CEB0210,4610,1687,29876.162689804773,916,0,Colin Evan Brown,CEB0210,42,24,44,23,34,1,0,0.11517117804350896
CEJ0109,2751,0,30070.16902944384,0,0,Casey Edward Joyce,CEJ0109,21,46,17,17,32,1,0,0.12333147941207584
CEL0561,3001,1379,30010.4971676108,36,0,Calvin Edan Love,CEL0561,40,39,36,19,40,1,0,0.11912679868784487
CFG0959,338,254,30478.76923076923,83,0,Cassidy Florence Gibbs,CFG0959,42,21,24,17,20,1,0,0.1168388355861073
CFM0767,1005,189,29538.923383084577,89,0,Cecilia Freya Morgan,CFM0767,46,23,22,35,29,1,0,0.1484211865514306
CFW0264,524,0,29970.1679389313,101,0,Carl Ferdinand Wong,CFW0264,19,32,17,20,27,1,0,0.14575720153588667
CGA0629,5046,0,30159.667261196988,678,0,Cullen Gary Adams,CGA0629,36,35,24,49,28,1,0,0.11701097813901312
CGB0637,1020,550,29599.20882352941,230,0,Claudia Galena Baldwin,CGB0637,20,20,15,20,29,1,0,0.12727068796324814
CGF0337,1012,0,30229.945652173912,225,0,Chaim Grant Fernandez,CGF0337,32,30,43,15,31,1,0,0.1424306028827752
CHG0146,4648,1865,30104.34315834768,478,0,Cedric Herrod Gilliam,CHG0146,40,20,39,19,35,1,0,0.1527988142589719
CHM0821,338,273,30288.71597633136,44,0,Carter Harrison Maldonado,CHM0821,48,11,39,19,23,1,0,0.1214604524934812
CIG0052,3689,652,30055.580103008942,330,0,Chastity Ima Gibson,CIG0052,17,45,17,16,24,1,0,0.13335346426597566
CIM0271,2991,1950,29820.759612169844,599,0,Colt Ishmael Mccall,CIM0271,24,27,10,20,38,1,0,0.10461877258405905
CIM0926,2004,381,29854.250499001995,247,0,Caldwell Ian Maxwell,CIM0926,31,25,41,17,31,1,0,0.16154873515124835
CJC0494,5031,2003,29897.90260385609,691,0,Caleb Jonas Chang,CJC0494,40,39,39,42,42,1,0,0.09889688667168411
CJF0802,3030,1738,30135.245874587457,327,0,Camille Julie Freeman,CJF0802,36,39,38,43,21,1,0,0.14018668436934212
CJG0470,337,0,29734.33234421365,21,0,Callum Jasper Gilmore,CJG0470,44,45,22,32,24,1,0,0.14489198615745336
CJH0702,337,0,30796.308605341248,51,0,Calvin Jarrod Hood,CJH0702,46,24,30,25,37,1,0,0.09291689707249506
CJK0200,3674,0,29841.54055525313,773,0,Cora Jane Kinney,CJK0200,40,29,24,38,31,1,0,0.15466506729486224
CJM0138,326,248,29543.414110429447,6,0,Colorado Joel Merrill,CJM0138,10,40,21,17,23,1,0,0.06767042086637132
CJM0521,1334,253,29703.8095952024,22,325,Cleo Jeanette Morales,CJM0521,13,18,37,18,24,1,0,0.06558012894552168
CJP0952,335,182,31003.98208955224,83,0,Cody Jonathan Potter,CJP0952,45,18,25,18,27,1,0,0.08917931432107251
CJV0286,1006,785,29673.04473161034,0,0,Colorado John Valentine,CJV0286,18,14,17,13,26,1,0,0.10021541258731481
CKB0427,3029,1301,29678.709475074284,386,0,Cathleen Kelsey Burke,CKB0427,38,38,36,43,37,1,0,0.1394941134544357
CKB0482,5036,0,30096.385623510723,653,0,Colton Kaseem Bolton,CKB0482,36,48,37,46,25,1,0,0.10839357982796599
CKD0680,3045,1246,29655.20065681445,523,0,Cheyenne Kay Dickerson,CKD0680,18,50,24,18,28,1,0,0.10896178800295298
CKH0144,3015,2052,30003.74660033168,553,0,Chloe Keiko Holland,CKH0144,34,22,22,35,30,1,0,0.17108640764041916
CKP0721,337,0,30501.41246290801,50,0,Colt Kendall Perez,CKP0721,40,39,39,13,32,1,0,0.12304658925980888
CLB0774,1000,522,30632.355,105,0,Charde Lareina Barrett,CLB0774,49,23,22,17,31,1,0,0.12714268094576342
CLD0894,1011,0,30291.086053412462,0,0,Cheyenne Lesley Dominguez,CLD0894,19,21,50,16,36,1,0,0.09286324300451604
CLF0852,4988,4240,30240.761427425823,859,0,Candice Lunea Fischer,CLF0852,36,45,28,18,26,1,0,0.0765443793920147
CLH0703,332,61,30767.2921686747,52,0,Colin Lawrence Holder,CLH0703,48,41,47,28,29,1,0,0.07798470929386658
CLS0296,336,0,29733.98809523809,7,0,Chiquita Linda Stokes,CLS0296,27,16,25,18,33,1,0,0.13107334721015934
CMB0912,5723,3165,30058.77302114276,1522,960,Caleb Mason Ball,CMB0912,46,43,16,22,31,-1,1,-0.015110934586346714
CMM0487,5005,0,30117.78101898102,612,0,Cora Maisie Mclean,CMM0487,39,22,42,40,30,1,0,0.1330017579342771
CMS0454,336,147,30040.625,38,0,Cameran Madonna Shepard,CMS0454,43,23,28,15,25,1,0,0.15525640867071994
CMW0783,996,0,30226.07730923695,80,0,Castor Mark Wolf,CMW0783,21,35,14,16,26,1,0,0.13856211602022522
CNB0900,1007,0,30422.751737835155,0,0,Colton Nathan Barber,CNB0900,34,43,38,16,27,1,0,0.14141185465691686
CNE0352,5950,1204,29856.7156302521,826,0,Cameron Noel Elliott,CNE0352,39,22,44,15,30,1,0,0.11710312783328936
CNM0800,2994,2281,29596.24682698731,262,0,Charissa Nyssa Mcgee,CNM0800,32,11,40,38,24,1,0,0.10501571207052396
COF0120,2554,1464,30144.456930305405,593,0,Clio Ocean Faulkner,COF0120,14,12,38,13,35,1,0,0.09884308956974858
COM0321,5016,0,30029.9942185008,880,0,Claire Olivia Martin,COM0321,38,18,34,18,27,1,0,0.1405399810512033
CPG0322,5012,3127,29862.164006384675,805,0,Connor Phelan Guerra,CPG0322,17,13,19,24,36,1,0,0.0693109722747115
CQH0701,334,189,30279.31736526946,63,0,Caldwell Quamar Head,CQH0701,35,50,39,50,32,1,0,0.0937103211480812
CQH0730,5068,1005,30003.436069455405,721,0,Cassady Quincy Hampton,CQH0730,21,18,37,49,27,1,0,0.11474690740902266
CQW0652,974,0,30414.46406570842,211,0,Chastity Quyn Wilkerson,CQW0652,10,22,48,20,33,1,0,0.08040777790515724
CRD0624,638,140,30184.83699059561,76,0,Christine Reagan Deleon,CRD0624,26,22,17,39,32,1,0,0.15104983634059888
CRK0916,3363,695,29900.409158489445,562,0,Chandler Raymond Kirk,CRK0916,32,46,26,19,32,1,0,0.15588039778321022
CRO0027,3037,1658,30120.913401382943,0,0,Cathleen Risa Oneal,CRO0027,19,30,28,46,26,1,0,0.12065507200131576
CRP0456,335,279,30152.34328358209,40,0,Cade Rajah Patterson,CRP0456,37,41,28,43,30,1,0,0.15521299735997557
CSB0080,3715,0,30023.061641991924,531,0,Catherine Savannah Bullock,CSB0080,35,19,39,34,36,1,0,0.15992089468613818
CSC0217,1158,0,29798.45336787565,285,0,Cathleen Samantha Craig,CSC0217,40,15,30,38,28,1,0,0.1411930732185671
CSH0626,5340,3215,29980.599812734083,873,520,Colin Stuart Holloway,CSH0626,33,17,41,18,23,1,0,0.04479076623041989
CSJ0340,1017,356,30519.8534906588,158,0,Charity Stacey Jennings,CSJ0340,45,24,19,38,25,1,0,0.11790931221600826
CSL0949,338,0,29402.044378698225,66,0,Cameron Shay Lester,CSL0949,36,20,18,25,28,1,0,0.12625002434134264
CSP0197,3676,2139,30055.516050054408,395,0,Callum Scott Parrish,CSP0197,37,44,17,13,26,1,0,0.15570767957973775
CTA0020,3640,2135,29958.48104395604,546,0,Curran Tarik Ayala,CTA0020,36,50,11,22,34,1,0,0.11494496950798455
CTR0341,1467,899,30059.0572597137,315,425,Cairo Theodore Robles,CTR0341,45,39,23,13,28,1,0,0.11965533165948672
CTR0697,334,233,28874.176646706583,64,0,Cherokee Tashya Ramirez,CTR0697,36,15,33,25,34,1,0,0.09622638017973456
CTW0500,4974,3969,30084.474467229596,628,0,Chanda Tamekah William,CTW0500,38,36,20,35,35,1,0,0.09632904845590756
CUD0795,3023,2502,30136.143235196825,290,0,Charity Uta Daniels,CUD0795,12,40,30,44,24,1,0,0.10090287834061423
CWB0065,2985,1451,29808.77118927973,737,0,Chadwick Wayne Bond,CWB0065,50,33,14,20,23,1,0,0.12223503429206745
CWR0502,4677,2527,29971.29762668377,659,0,Colt Walter Reynolds,CWR0502,41,49,25,45,27,1,0,0.12066868126281294
CXC0336,1000,434,29963.956,197,0,Casey Xerxes Conrad,CXC0336,23,19,34,35,34,1,0,0.14396540299991434
CYA0506,301,0,30156.382059800664,3,0,Cecilia Yuri Ashley,CYA0506,16,17,44,14,31,1,0,0.1042397998131736
DAG0558,2983,1054,29920.059671471678,15,0,Deirdre Amaya Garcia,DAG0558,20,16,37,25,26,1,0,0.1425089314691233
DAL0673,3008,1490,29781.547872340427,536,0,Demetrius Alvin Levy,DAL0673,39,35,46,41,36,1,0,0.13149466618950428
DAR0885,109,60,28966.211009174312,0,35,Devin Abdul Rogers,DAR0885,43,43,44,41,25,1,0,0.05336309427501773
DBB0384,3001,648,30375.617794068643,412,0,Demetrius Barry Bullock,DBB0384,40,41,28,37,27,1,0,0.16853252593194995
DBG0261,3011,1000,30153.115576220524,467,0,Devin Brett Guzman,DBG0261,45,47,17,36,28,1,0,0.1570827559961166
DBS0235,3034,657,29941.48121292024,433,0,Dale Benjamin Sharpe,DBS0235,30,38,18,37,33,1,0,0.16884323849245703
DBW0483,5068,1862,30121.217442778216,624,0,Deborah Barbara White,DBW0483,17,16,25,21,37,1,0,0.11871068383267075
DCC0160,6027,2160,29868.06719761075,922,0,Donovan Carlos Chapman,DCC0160,36,39,33,42,27,1,0,0.1184780168483302
DCH0843,281,113,29451.92170818505,38,0,Dominic Calvin Hewitt,DCH0843,20,31,11,18,36,1,0,0.07050552065148707
DDA0476,5045,2182,29936.70882061447,493,0,Dane Davis Atkins,DDA0476,36,25,39,13,39,1,0,0.12658304919903018
DDM0579,337,0,30285.905044510386,24,0,Dale Dorian Mercado,DDM0579,33,45,30,37,26,1,0,0.1372769680604033
DEB0782,1004,495,30315.220119521917,91,0,Dakota Edward Brady,DEB0782,42,47,32,21,36,1,0,0.1302567579372388
DFH0188,1012,221,29772.954545454544,170,0,Dean Flynn Hines,DFH0188,35,40,18,38,24,1,0,0.158077662265049
DFR0218,3725,752,29949.368590604023,880,0,Daria Felicia Rowland,DFR0218,45,14,22,37,27,1,0,0.1381328429179724
DGF0443,3007,0,30321.28134353176,373,0,Dustin Gage Franco,DGF0443,39,44,18,28,33,1,0,0.15186916541178253
DGM0754,431,0,29876.960556844548,88,0,Declan Gareth Mclaughlin,DGM0754,42,18,42,24,24,1,0,0.14084101043694935
DGN0480,4798,1810,29884.484993747395,547,0,Donovan Garth Nieves,DGN0480,21,25,44,20,31,1,0,0.1405417129909005
DGW0752,4986,4103,29981.03690332932,811,0,Dennis Gray Wilson,DGW0752,40,46,20,40,14,1,0,0.03261049495840673
DHM0937,3025,1085,30221.165619834712,725,0,Dominic Howard Mcconnell,DHM0937,43,22,21,15,24,1,0,0.15088516966602067
DIB0081,1418,1125,29842.422425952045,232,0,Drew Ivan Beck,DIB0081,34,45,14,28,33,1,0,0.15253224124671777
DIB0285,1613,618,29603.968381897088,0,0,Deanna Imelda Blanchard,DIB0285,13,45,17,50,29,1,0,0.05037589740146198
DIC0988,3007,0,30218.38044562687,428,0,Dolan Igor Cortez,DIC0988,44,30,23,21,32,1,0,0.16659958840668776
DID0650,1022,0,29741.07925636008,218,0,Denise Ifeoma Doyle,DID0650,45,21,17,42,21,1,0,0.11629262542386387
DIW0118,4658,2401,29973.02189781022,1221,0,Delilah Iliana Wilkinson,DIW0118,37,17,19,37,26,1,0,0.08416756781771051
DJB0159,6351,3361,29939.68650606204,1670,0,Dacey Jorden Bowen,DJB0159,20,37,27,38,37,1,0,0.004986301178904751
DJS0682,3003,0,29591.84348984349,42,0,Dexter Jamal Simon,DJS0682,22,23,36,13,30,1,0,0.12225850988126125
DKB0631,1007,486,30020.219463753725,239,0,Dai Keely Bullock,DKB0631,34,18,14,46,31,1,0,0.12410568783430737
DLF0377,3025,1056,30016.849586776854,561,0,Dean Lester Figueroa,DLF0377,39,35,19,27,34,1,0,0.18054126119279978
DLH0029,3040,573,30006.4125,356,0,Diana Leigh Hays,DLH0029,36,26,38,18,31,1,0,0.18456454653316762
DLM0051,7573,4050,29955.738676878384,2047,1550,Declan Lester Moss,DLM0051,37,37,17,20,35,-1,1,-0.08016164826462102
DLS0383,2987,2372,29819.82222966187,455,0,Diana Lillian Solis,DLS0383,10,21,12,25,24,1,0,0.09680150595155218
DMG0358,3691,2880,29769.944188566784,469,0,Dorothy Marny Goff,DMG0358,19,39,14,25,29,1,0,0.11865370134763575
DMK0257,3008,2162,30008.71143617021,564,0,Desirae Mari Koch,DMK0257,33,20,26,26,30,1,0,0.17435911102800938
DMM0623,5217,4034,30017.347517730497,792,41,Doris Mona Michael,DMM0623,36,27,21,39,30,1,0,0.08854613041111675
DOL0332,1008,595,30092.204365079364,194,0,Damian Omar Le,DOL0332,32,40,41,18,24,1,0,0.16411747552433398
DOP0562,2986,1036,30373.71131949096,59,0,Daryl Ocean Patel,DOP0562,42,16,37,39,31,1,0,0.1261459907311807
DPM0423,3017,2215,30015.84388465363,384,0,Dalton Perry Mejia,DPM0423,37,38,38,15,27,1,0,0.18049947210601391
DPS0262,946,184,29947.14799154334,169,0,Delilah Pearl Schneider,DPS0262,20,25,20,14,32,1,0,0.14627934940188553
DRR0162,2737,1376,30140.57544757033,587,0,Dante Raja Roberts,DRR0162,45,36,20,36,29,1,0,0.17444559610557503
DRR0242,3836,728,29654.997132429613,457,809,Daphne Ruby Reilly,DRR0242,39,19,40,41,33,1,0,0.05549441068962724
DSB0731,4936,1719,30071.41673419773,744,0,Daryl Skyler Brock,DSB0731,26,15,40,43,30,1,0,0.11789721151626031
DSM0591,338,0,30326.42307692308,22,0,Daria Samantha Mcbride,DSM0591,20,35,18,43,35,1,0,0.1214407863857821
DTP0379,3311,1989,30103.330715795837,562,0,Daquan Tucker Pugh,DTP0379,45,42,15,37,27,1,0,0.16324722208224673
DTT0076,6019,0,29964.330785844824,1103,0,Dylan Tiger Terry,DTT0076,42,16,34,24,28,1,0,0.08255588473671549
DVM0265,3022,1543,29949.91197882197,686,0,Deborah Victoria Mcclure,DVM0265,47,40,10,24,31,1,0,0.13763264536372022
DVW0103,3049,0,30001.977041653,493,0,Dante Vaughan Weber,DVW0103,40,45,44,21,29,1,0,0.1572007219097597
DZC0228,3032,670,30021.259234828496,413,0,Declan Zachery Caldwell,DZC0228,37,37,34,21,38,1,0,0.1611102802027216
EAH0466,34,19,32047.029411764703,4,0,Ethan Arden Hays,EAH0466,41,38,29,38,25,1,0,0.06395573285896683
EBC0390,3018,0,29919.63916500994,405,0,Eaton Burton Crane,EBC0390,40,40,40,22,33,1,0,0.1698018462386991
ECF0828,207,0,30836.328502415457,35,0,Erasmus Cameron Franco,ECF0828,40,49,39,40,35,1,0,0.080588401740748
ECL0930,3041,1957,29988.185794146662,756,0,Edan Ciaran Larson,ECL0930,28,24,40,18,29,1,0,0.15437313770342342
ECR0822,339,0,30492.76401179941,44,0,Ella Cassandra Rivera,ECR0822,16,19,17,23,29,1,0,0.11185930698620572
EDA0684,304,234,30735.21052631579,3,0,Edward Dean Anthony,EDA0684,38,42,40,39,33,1,0,0.11219598996190522
EDB0714,255,140,31359.07843137255,34,0,Eden Deborah Ball,EDB0714,21,23,35,26,29,1,0,0.09182843710485988
EFS0882,1009,0,29703.298315163527,0,0,Edward Finn Stokes,EFS0882,40,40,47,25,27,1,0,0.1234070401613302
EGD0132,195,38,28812.51794871795,1,0,Eric Gray Duncan,EGD0132,37,38,33,15,22,1,0,0.06883494085322317
EGD0409,1239,623,30322.63599677159,176,0,Elijah Gary Diaz,EGD0409,39,40,22,35,33,1,0,0.16690616154790894
EGK0893,997,175,29775.58776328987,0,0,Eagan Gannon Koch,EGK0893,21,30,11,47,27,1,0,0.09768541419243276
EHB0420,3767,2107,29888.35996814441,558,703,Erich Harding Bryant,EHB0420,45,42,38,17,20,1,0,0.05445733641765782
EHB0824,153,32,29883.49019607843,15,0,Eugenia Hannah Blanchard,EHB0824,46,39,22,44,31,1,0,0.13468807325543164
EHD0584,208,139,31165.466346153848,15,0,Ezra Hilel Dyer,EHD0584,38,40,42,43,22,1,0,0.061359754555314505
EHR0096,3019,0,29936.513083802583,529,0,Elaine Hanna Raymond,EHR0096,22,13,20,48,31,1,0,0.11556987992452283
EIM0156,3014,2086,29780.590909090908,625,0,Eve Isadora Mckenzie,EIM0156,19,31,43,45,33,1,0,0.1024699473240841
EIP0997,3017,0,29847.39343718926,391,0,Emily Illana Perry,EIP0997,42,28,20,25,34,1,0,0.15914053219995344
EIS0041,3287,1999,29696.331305141463,848,0,Emerald Imani Schmidt,EIS0041,41,44,17,48,30,1,0,0.1046352255370529
EJW0884,1026,184,29276.152046783627,0,0,Elton Jonas Williamson,EJW0884,46,20,32,26,31,1,0,0.11592929614704711
ELB0847,336,92,29089.541666666668,43,0,Emmanuel Lawrence Briggs,ELB0847,12,17,16,19,28,1,0,0.06583921486564348
ELH0960,333,0,29676.67567567568,73,0,Emerald Lysandra Hodges,ELH0960,40,43,26,41,22,1,0,0.12901468704741237
ELT0769,1004,0,29956.96015936255,81,0,Echo Leandra Torres,ELT0769,19,20,20,27,35,1,0,0.14351926495711687
EMB0531,990,770,29869.156565656565,15,0,Edan Marsden Briggs,EMB0531,31,41,31,36,36,1,0,0.1527051816364668
EMS0317,4965,1661,29964.6612286002,829,0,Eden Merrill Stokes,EMS0317,15,21,44,10,31,1,0,0.09891314890528613
EMW0105,3646,0,29988.61546900713,0,0,Erich Malik Wolf,EMW0105,35,40,17,41,34,1,0,0.14915113809967034
EMW0772,998,240,30169.32264529058,89,0,Elvis Marshall Walton,EMW0772,46,41,20,12,28,1,0,0.14341782948647175
ENC0234,2268,434,29762.887566137568,282,0,Evelyn Nevada Curtis,ENC0234,21,23,32,19,23,1,0,0.13736064377978097
ENL0100,3029,1016,30277.956751403104,552,0,Ella Nita Lewis,ENL0100,39,18,42,35,21,1,0,0.1344650357651993
EPW0434,3053,980,30156.94333442516,395,0,Ethan Perry Wiggins,EPW0434,32,36,38,22,33,1,0,0.1719070820724678
ERH0449,332,0,29935.91265060241,34,0,Ella Rachel Hess,ERH0449,44,15,35,17,25,1,0,0.1388002897683865
ESA0642,1004,0,29717.42131474104,193,0,Eliana Stephanie Albert,ESA0642,32,14,44,30,32,1,0,0.12712854598378898
ESH0135,327,239,29444.345565749238,8,0,Elaine Sonya Hughes,ESH0135,35,22,32,44,28,1,0,0.11899707764914613
ESH0283,3049,1499,30192.86552968186,0,0,Eve Shaeleigh Holman,ESH0283,44,30,35,18,31,1,0,0.16226031307727956
ESJ0670,4582,911,29792.792012221737,611,1159,Eaton Samuel Jennings,ESJ0670,42,31,15,40,24,1,0,0.007116392539618155
ESR0693,1475,1121,29841.882033898302,32,0,Evelyn Sarah Reilly,ESR0693,35,23,25,21,31,1,0,0.16537992126228246
ETR0177,3711,0,29906.211802748585,175,0,Emerson Tyrone Rojas,ETR0177,18,15,41,26,39,1,0,0.1117321912013407
ETR0428,3034,1623,29914.9545154911,465,0,Elton Tyler Richard,ETR0428,36,21,40,20,20,1,0,0.15287680603655168
EWH0191,4649,3413,29934.49386964939,1133,0,Eugenia Whilemina Harrington,EWH0191,33,17,22,23,27,1,0,0.08087607467893315
EZH0736,4974,1030,29901.06574185766,777,0,Elton Zeus Horton,EZH0736,44,41,37,19,31,1,0,0.14960060387553176
EZT0640,1015,854,30014.12512315271,222,0,Eagan Zephania Talley,EZT0640,12,15,27,39,27,1,0,0.12014959396923175
FAW0032,4723,1672,29895.6597501588,1007,0,Frances Alisa Wiggins,FAW0032,43,24,17,37,37,1,0,0.10666469693996211
FBA0348,4704,0,29755.021896258502,654,0,Francis Brian Armstrong,FBA0348,41,44,40,36,27,1,0,0.1300162605438832
FBW0747,5369,1013,30151.563792140063,885,283,Fuller Baker Warner,FBW0747,43,45,35,25,28,1,0,0.09910126800252628
FDE0117,4724,1759,29921.55397967824,642,0,Fritz Dale Ellison,FDE0117,38,37,32,41,28,1,0,0.15668802709476876
FEB0306,329,205,29587.49848024316,7,0,Flynn Edward Brennan,FEB0306,40,42,26,25,31,1,0,0.15089716936874908
FFC0891,566,406,29382.49469964664,0,0,Flavia Fiona Cannon,FFC0891,38,10,39,50,39,1,0,0.05443064338380488
FGW0853,4663,2933,29720.76088355136,679,0,Florence Gloria Whitney,FGW0853,25,35,20,40,39,1,0,0.08498350492765683
FHO0630,4993,3811,30227.601442018826,736,0,Frances Hermione Owens,FHO0630,28,44,23,12,26,1,0,0.06282739322378195
FHS0837,337,0,29538.299703264096,58,0,Fallon Harriet Shelton,FHS0837,23,37,14,42,34,1,0,0.1082906781418646
FIR0920,3006,2310,29875.65868263473,378,0,Fay Ingrid Rodriquez,FIR0920,40,11,44,20,27,1,0,0.13822478597657523
FKB0163,3032,519,30057.00395778364,664,0,Francis Kane Buckner,FKB0163,39,35,25,39,22,1,0,0.16244412766965727
FKK0055,4039,3275,30180.304283238427,345,1010,Farrah Kim Keith,FKK0055,46,16,37,16,27,1,0,0.009169356986115318
FLM0213,4668,1788,30106.586546700943,874,0,Fitzgerald Len Merrill,FLM0213,20,41,46,15,24,1,0,0.10933240145768292
FMG0527,790,603,29279.64936708861,6,0,Flynn Malcolm Gibson,FMG0527,43,38,35,38,28,1,0,0.11987117758961707
FOB0756,1242,654,30242.451690821257,141,213,Ferris Omar Barry,FOB0756,42,41,34,20,27,1,0,0.13962506588823875
FPC0954,340,0,29271.435294117648,76,0,Fletcher Perry Cantu,FPC0954,22,25,50,20,27,1,0,0.08233381073813612
FQA0854,5005,2514,30148.99080919081,712,0,Fulton Quinn Avery,FQA0854,41,38,30,34,26,1,0,0.1445698564046124
FRB0023,3668,2722,29924.799890948747,842,0,Felicia Rhona Butler,FRB0023,45,14,12,14,14,1,0,0.045930555620408264
FRL0511,1004,864,29554.8187250996,17,0,Ferdinand Rashad Lee,FRL0511,20,30,47,20,30,1,0,0.10312512573002763
FRR0832,336,329,30235.45833333333,62,0,Forrest Rashad Richards,FRR0832,43,40,25,19,30,1,0,0.15475636839322127
FSB0399,2924,1109,30114.27872777018,367,0,Ferris Stone Bender,FSB0399,23,22,15,37,26,1,0,0.14529969008053728
FSC0601,4180,853,30045.093779904302,590,0,Felicia Sloane Cabrera,FSC0601,37,30,37,15,30,1,0,0.16962911886279874
FTM0406,2136,0,29977.923689138577,351,0,Finn Tucker Medina,FTM0406,31,15,38,16,34,1,0,0.14966046870613292
FUM0015,6114,4528,29969.42508995748,740,0,Fatima Ulla Mcclure,FUM0015,33,18,18,46,32,1,0,0.04050898303957051
FWM0707,333,235,30052.594594594597,58,0,Fitzgerald Wayne Miranda,FWM0707,50,36,35,18,34,1,0,0.13419364167501896
FXF0957,335,136,30855.853731343283,62,0,Felicia Xantha Farley,FXF0957,35,25,47,36,28,1,0,0.08478420545998144
GAF0060,3031,2458,29962.312108215112,444,0,Grace Alma Fry,GAF0060,41,16,39,25,22,1,0,0.13175635444129719
GAF0570,3003,1741,30082.54478854479,30,0,Gwendolyn Amaya Ferrell,GAF0570,31,15,38,46,35,1,0,0.11565368582996882
GBM0603,4673,1829,29701.451530066337,769,0,Galena Britanney Merritt,GBM0603,39,42,42,24,37,1,0,0.10362381861074627
GCC0744,5063,0,29928.084534860755,867,0,Grady Craig Coffey,GCC0744,35,42,15,25,31,1,0,0.13508115851281277
GCC0945,337,79,29373.78041543027,78,0,George Cade Chen,GCC0945,30,39,18,25,27,1,0,0.12065210666295312
GCG0951,375,192,29551.234666666667,79,0,Grant Camden Gay,GCG0951,33,33,25,19,44,1,0,0.09351546606719974
GCL0016,4126,2083,30083.881483276786,512,438,Gil Calvin Lindsay,GCL0016,45,32,20,24,34,1,0,0.10844842316554981
GCR0554,3008,1319,29740.158909574468,349,0,Grace Charde Roth,GCR0554,16,16,41,23,37,1,0,0.1211575481329002
GCS0518,1001,0,30078.754245754244,14,0,Gregory Curran Sutton,GCS0518,41,36,23,38,21,1,0,0.1442393939353359
GCS0571,332,65,30165.70180722892,25,0,Glenna Caryn Sharpe,GCS0571,22,18,16,23,32,1,0,0.14131782676797938
GDF0704,338,244,30524.95562130177,59,0,Galena Deborah Francis,GDF0704,25,13,21,29,36,1,0,0.10065286762641079
GHH0288,336,220,30564.61011904762,9,0,Genevieve Hyacinth Head,GHH0288,12,36,40,36,30,1,0,0.09909430190634783
GHL0460,217,112,28555.870967741936,32,0,Geoffrey Harlan Lara,GHL0460,21,37,24,17,35,1,0,0.05780417938492299
GJD0298,339,297,31034.71681415929,3,0,Grady Jordan Duran,GJD0298,43,39,12,40,27,1,0,0.06380781502312283
GJT0386,2998,506,29662.53435623749,480,0,Geoffrey Jin Tucker,GJT0386,24,13,49,34,26,1,0,0.09441532199123681
GKO0078,6000,4144,29829.492,1454,0,Gage Kaden Odonnell,GKO0078,44,46,21,24,29,1,0,0.02671238378256946
GLR0975,3687,2945,30030.491998915106,539,0,Garrison Levi Rollins,GLR0975,33,44,26,24,24,1,0,0.14039194004091993
GMF0738,5036,0,30129.48729150119,736,0,Gray Mason Fulton,GMF0738,30,40,45,20,18,1,0,0.08923841719005476
GNS0178,2947,1923,29987.57312521208,538,0,Garrett Nicholas Solomon,GNS0178,30,17,42,26,33,1,0,0.15317984688747938
GNZ0953,334,282,29780.51497005988,73,0,Graiden Nehru Zimmerman,GNZ0953,26,18,26,36,29,1,0,0.1499420724276555
GOK0238,2104,0,30257.27614068441,261,0,Garrett Omar Kelly,GOK0238,33,43,27,40,33,1,0,0.1437139232326351
GQF0659,1002,202,30190.42714570858,205,0,Gisela Quintessa Fischer,GQF0659,40,16,30,29,28,1,0,0.15273261349531836
GQP0743,4978,3470,29937.00341502612,651,0,Gil Quincy Potter,GQP0743,47,39,19,39,25,1,0,0.09789436377733396
GRC0145,3624,2651,29922.64348785872,233,0,Gay Ria Cantu,GRC0145,30,43,24,46,27,1,0,0.11511275709393975
GRM0868,5078,0,30044.56025994486,752,0,Gail Rhiannon Mcconnell,GRM0868,21,25,20,13,28,1,0,0.13447472105987113
GTD0116,4699,955,30078.723983826345,960,0,Grant Tyrone Doyle,GTD0116,43,19,45,20,31,1,0,0.11876428620317953
GTD0219,1262,705,30380.007131537244,317,0,Gareth Thomas Dickson,GTD0219,40,40,19,30,33,1,0,0.16196784930332386
GTD0898,1003,0,30146.3110667996,0,0,Guy Tad Daniel,GTD0898,23,23,39,15,29,1,0,0.15035519501465439
GZB0469,334,139,30556.89520958084,44,0,George Zachery Burch,GZB0469,46,39,22,45,28,1,0,0.11361873239291048
GZC0735,5847,3504,30169.38515478023,811,643,Guy Zeus Chandler,GZC0735,44,16,15,27,25,1,0,0.008136968991316329
HAC0282,2989,1260,30218.03680160589,0,0,Hakeem Arden Curry,HAC0282,37,32,38,12,28,1,0,0.14849083627125925
HAD0246,4820,2781,29954.09253112033,759,1377,Holmes Arden Day,HAD0246,44,39,32,45,38,-1,1,-0.006304171318070706
HAH0248,2985,1189,30231.27269681742,323,0,Hector Abraham Hayes,HAH0248,33,43,22,18,29,1,0,0.1681514481451427
HAH0760,998,607,29578.74749498998,100,0,Hilda Alice Hahn,HAH0760,34,17,22,37,30,1,0,0.14611876176279842
HAM0985,3050,1297,29835.737049180327,521,0,Hillary Ainsley Mccormick,HAM0985,20,17,29,16,20,1,0,0.12956629615322562
HAV0121,3056,0,30081.69011780105,546,0,Hu Akeem Vincent,HAV0121,46,43,38,37,27,1,0,0.15924883289505898
HBB0056,2989,1098,30184.33857477417,305,0,Hayden Bernard Benson,HBB0056,37,33,30,21,27,1,0,0.17899269459694572
HBO0413,2840,0,29754.79330985916,359,0,Harper Basil Obrien,HBO0413,41,35,18,15,18,1,0,0.11537618386695836
HCC0344,1000,698,30351.186,177,0,Hayley Carolyn Cunningham,HCC0344,25,11,41,26,22,1,0,0.11304297100813065
HCL0113,3039,1007,30244.928923988155,0,0,Hyacinth Clare Lindsay,HCL0113,43,22,40,39,34,1,0,0.1351359582968235
HCL0651,1017,552,29671.649950835792,195,0,Heather Cynthia Leonard,HCL0651,21,19,44,36,33,1,0,0.1254505687528541
HCM0267,3021,1748,29986.284011916585,659,0,Hall Colorado Morin,HCM0267,36,45,39,20,32,1,0,0.16550270144069523
HCS0003,9097,7372,30208.924810377048,843,0,Halla Cathleen Simmons,HCS0003,35,28,14,15,30,1,0,7.728321081157397e-05
HCV0478,5036,2760,29858.10901509134,599,0,Harper Clark Vazquez,HCV0478,46,36,18,12,24,1,0,0.12236503102409946
HCW0419,3054,2166,30204.793713163064,410,0,Hermione Casey Witt,HCW0419,40,21,35,34,35,1,0,0.1584030381094067
HDD0789,4727,1651,30141.87645441083,731,0,Hashim Damon Dudley,HDD0789,44,39,30,10,29,1,0,0.13594606369166023
HDD0806,4143,758,30197.750663770214,933,1022,Hedwig Dai Duffy,HDD0806,47,28,36,19,38,1,0,0.02152835389462182
HDH0928,3043,2414,30088.231350640814,432,0,Hashim Damon Hebert,HDH0928,40,36,20,40,26,1,0,0.1717839650544285
HDJ0446,337,173,29251.637982195847,57,0,Hope Dawn Jensen,HDJ0446,18,17,45,27,35,1,0,0.08234513138481359
HDL0748,5016,0,30051.942384370017,722,0,Hedy Delilah Lopez,HDL0748,25,13,46,41,25,1,0,0.08923957677075434
HDS0367,3626,2764,29930.79950358522,476,0,Hayes Drake Stephenson,HDS0367,50,42,16,30,19,1,0,0.09463955346385716
HFB0347,767,165,29880.810951760104,144,19,Heather Fredericka Baird,HFB0347,34,20,30,30,27,1,0,0.1626356683048823
HGG0240,3021,1124,30037.060575968226,518,0,Hedda Grace Gordon,HGG0240,20,26,24,36,31,1,0,0.1691736523232742
HGH0595,336,0,30396.1875,35,0,Hanae Gay Hogan,HGH0595,41,14,22,39,29,1,0,0.12772397279342496
HGN0287,3371,2017,29845.319489765647,0,0,Halla Germaine Nolan,HGN0287,45,30,18,18,27,1,0,0.14592087844325924
HIA0414,3007,1283,30156.970734951778,462,0,Herman Ian Abbott,HIA0414,38,39,39,18,31,1,0,0.1866565844342783
HIW0536,4713,812,29986.788033099936,604,0,Honorato Ivan Wall,HIW0536,39,50,25,24,20,1,0,0.12461033068967498
HJA0018,3712,2426,29948.258890086207,572,0,Honorato Joseph Adkins,HJA0018,39,43,47,37,32,1,0,0.136046673163345
HJB0742,3494,1754,29763.979107040643,660,0,Harlan Jason Benjamin,HJB0742,41,40,16,21,30,1,0,0.15352734008202773
HJS0072,216,157,29555.75,32,16,Honorato John Sloan,HJS0072,44,42,19,19,31,1,0,0.13134463452407164
HKB0418,2922,0,30222.4363449692,394,0,Halee Kim Burnett,HKB0418,50,18,13,26,27,1,0,0.12278986178402296
HKF0831,336,254,29894.27083333333,53,0,Hiroko Kiona Faulkner,HKF0831,23,42,49,21,24,1,0,0.1228771201092052
HKI0171,4971,3344,29846.282236974454,955,0,Halla Kendall Irwin,HKI0171,31,17,30,45,27,1,0,0.08353488535461667
HKR0628,4998,3694,29915.092837134853,842,0,Halee Keiko Rhodes,HKR0628,21,16,17,16,25,1,0,0.07361941682232231
HLH0512,1425,753,29790.49052631579,24,396,Hadassah Leah Harris,HLH0512,15,42,36,22,32,1,0,0.0642218433862739
HLM0933,3050,1147,30113.527540983607,599,0,Hadley Leandra May,HLM0933,36,24,23,43,30,1,0,0.1639854775446647
HMM0108,540,308,29448.185185185182,0,0,Hakeem Mason Mccall,HMM0108,33,41,17,43,25,1,0,0.12183960600515703
HMW0713,335,135,29434.52537313433,57,0,Heidi Mia Wilson,HMW0713,38,24,40,36,28,1,0,0.14757290116299082
HOB0994,2979,1063,30065.439744880838,634,0,Harrison Oscar Burke,HOB0994,38,39,15,43,33,1,0,0.15447472415365876
HPH0075,7435,4528,29988.672091459317,1179,1075,Harper Price Harris,HPH0075,40,42,48,25,28,-1,1,-0.04365242765540256
HPM0986,4697,0,29755.77070470513,795,0,Hasad Paki Mcfadden,HPM0986,41,36,38,23,24,1,0,0.13280973062689805
HPR0585,336,223,29794.818452380958,36,0,Hillary Piper Riddle,HPR0585,34,46,15,46,35,1,0,0.10227766738426569
HRB0351,6750,1404,30073.974074074074,1122,574,Hadassah Riley Baker,HRB0351,19,12,43,42,36,-1,1,-0.011552488195334498
HRD0635,269,215,30413.18215613383,51,0,Hadley Rhona Dillon,HRD0635,24,35,18,32,24,1,0,0.135640663788554
HRL0540,2988,1721,29877.972222222223,779,0,Hedwig Regina Livingston,HRL0540,43,38,17,40,18,1,0,0.10892976773100793
HRW0550,3019,1190,29924.67340178867,421,0,Howard Raphael Weiss,HRW0550,38,34,24,22,28,1,0,0.1891718901780876
HSB0196,5103,2806,30010.10444836371,496,1307,Hadley Sonya Bowen,HSB0196,44,13,43,30,33,-1,1,-0.011873292009446423
HSD0457,336,68,30590.58035714286,30,0,Hollee Shannon Dudley,HSD0457,38,19,20,42,27,1,0,0.12027804967861289
HSG0818,3038,1156,30126.59776168532,642,0,Harrison Samuel Gonzales,HSG0818,18,19,48,36,31,1,0,0.1173473452299098
HSP0290,338,176,30887.53846153846,7,0,Hakeem Stephen Peck,HSP0290,38,15,28,20,27,1,0,0.09920091857214042
HTF0641,1019,778,29322.38959764475,214,0,Hilel Tobias Flynn,HTF0641,38,24,18,22,28,1,0,0.12412775604126047
HTH0007,9116,1458,30042.042123738483,2214,0,Hyatt Trevor Hayes,HTH0007,37,38,41,20,36,-1,1,-0.011420388507286883
HVB0037,5454,1025,29786.51943527686,1054,715,Hollee Vanna Becker,HVB0037,17,42,41,44,26,1,0,0.004703206242694269
HVF0067,3058,2484,30022.30052321779,405,0,Hector Vance Foster,HVF0067,44,35,22,43,41,1,0,0.12980617873669242
HWH0646,1014,804,29905.942800788955,218,0,Hadley Willa Hill,HWH0646,17,24,24,21,28,1,0,0.16021135171877737
HWM0342,1019,234,29930.79587831207,172,0,Hanae Wendy Meyer,HWM0342,45,44,41,39,34,1,0,0.14463105632198847
HWW0436,3331,1944,29945.991293905736,559,0,Hayes William Wheeler,HWW0436,45,37,23,27,33,1,0,0.17396562417540368
HWY0038,1138,252,30147.51933216169,269,0,Howard Wing Yang,HWY0038,47,39,40,22,24,1,0,0.15800203046220485
HXL0968,211,92,30487.74881516588,47,0,Holly Xerxes Lara,HXL0968,45,21,35,40,34,1,0,0.11462175536255509
IAR0694,3481,2437,29904.786268313703,92,498,Imani Aubrey Ray,IAR0694,12,17,44,40,34,1,0,0.029926609057006393
IAT0263,1762,1010,30401.77241770715,394,0,Ivor Amir Tucker,IAT0263,28,23,30,30,27,1,0,0.14955620398891872
IBB0359,3631,2283,30059.51858992013,518,0,Ira Brendan Ball,IBB0359,48,33,21,43,38,1,0,0.12947640450593206
IBB0696,333,182,30369.27627627628,68,0,Isadora Buffy Brewer,IBB0696,47,13,36,16,33,1,0,0.12659106404097603
IBM0671,3342,1928,30067.555056852183,593,0,Ira Benjamin Mays,IBM0671,50,46,38,35,31,1,0,0.13766962451707898
IBP0883,996,666,29919.00702811245,0,0,Iona Brenda Payne,IBP0883,30,25,15,11,17,1,0,0.09702384695832239
IBS0836,359,217,30041.601671309192,61,27,Isadora Blaine Shepherd,IBS0836,10,44,50,38,27,1,0,0.07484732553981649
ICH0294,335,266,30363.483582089557,7,0,Idola Carly Haley,ICH0294,32,27,20,40,26,1,0,0.14703397099365045
ICS0956,244,49,30547.80737704918,48,0,Ivy Charissa Solis,ICS0956,22,20,18,35,26,1,0,0.11783702949211161
IDO0176,5026,0,30095.92817349781,945,0,Ira Dustin Oneill,IDO0176,34,39,40,24,26,1,0,0.13804986392646518
IEB0153,1806,1117,30034.14950166113,165,99,Irma Eugenia Booker,IEB0153,44,25,39,24,36,1,0,0.14945750676372616
IHK0841,336,0,29301.758928571428,44,0,Ivor Herrod Kaufman,IHK0841,35,23,41,28,29,1,0,0.12763915991530012
IIA0092,2992,981,30070.846256684494,659,0,Ingrid Irene Atkins,IIA0092,39,30,42,14,27,1,0,0.1602578534218141
IIL0513,1329,232,30068.68246802107,14,267,Illana Isabelle Lamb,IIL0513,37,13,26,38,34,1,0,0.10127286600108576
IIW0249,3402,691,30052.274838330395,471,346,Igor Ishmael Ward,IIW0249,39,36,43,38,28,1,0,0.12671642119944243
IJM0139,337,0,30220.848664688427,4,0,Irene Jemima Meyers,IJM0139,45,17,15,30,35,1,0,0.12686623214167597
IJM0444,3000,2101,30086.733333333334,473,0,Ian Jonas Morrow,IJM0444,36,35,39,35,26,1,0,0.173478456103077
IJM0776,515,217,30289.271844660198,65,0,Indira Jocelyn Mack,IJM0776,41,35,19,41,32,1,0,0.15452456984620921
IJR0825,338,269,29941.99704142012,48,0,Ivor Jelani Robbins,IJR0825,38,42,39,46,32,1,0,0.1425778529221029
IJW0851,5041,0,29977.065463201747,757,0,Isadora Jael Waters,IJW0851,21,10,10,18,34,1,0,0.07791147415434241
IKP0472,481,404,29820.92307692308,63,139,Ivana Kaitlin Parsons,IKP0472,32,10,37,38,31,1,0,0.0918801954674861
IKR0401,2495,1003,30324.550701402804,376,0,Ivor Kenneth Rollins,IKR0401,40,42,24,16,29,1,0,0.16897914071165288
ILC0838,338,69,30310.866863905325,49,0,Ivan Levi Craig,ILC0838,40,36,42,16,33,1,0,0.1481936012338788
ILH0958,337,236,30021.430267062315,82,0,Irene Lacota Huffman,ILH0958,28,17,20,19,24,1,0,0.1471257612229918
ILJ0526,1089,756,30278.67860422406,12,80,Idola Lana Jarvis,ILJ0526,33,50,23,46,25,1,0,0.09317703527446725
ILR0304,333,52,29666.576576576572,5,0,Ivory Leandra Rogers,ILR0304,20,22,18,46,30,1,0,0.11257107690570234
IMB0481,5006,1847,29942.52337195365,446,0,Isabelle Maggie Benjamin,IMB0481,19,41,38,43,38,1,0,0.10410439003222993
IMG0320,5032,1943,30173.72019077901,945,0,Isabella Marah Graham,IMG0320,37,14,12,24,23,1,0,0.08318146615594418
IMP0530,1008,367,30273.243055555555,17,0,Irma Melanie Patrick,IMP0530,40,17,42,50,32,1,0,0.09671710160246916
IRM0931,4157,2780,30023.17103680539,1050,1063,Ignatius Reese Morton,IRM0931,44,46,33,35,30,1,0,0.027544997331433896
IRT0491,5019,1891,29826.024307631003,537,0,Iris Rhea Terrell,IRT0491,17,30,27,41,32,1,0,0.12815999232633385
IUB0565,2057,891,29939.38599902771,31,0,Isaiah Upton Buchanan,IUB0565,44,39,35,22,30,1,0,0.17342148908185223
IUY0279,3030,2262,30019.30627062706,0,0,Igor Ulric Yang,IUY0279,38,38,17,21,29,1,0,0.16387864802682162
IWM0816,3013,1788,30043.26518420179,650,0,Ira Wyatt Moss,IWM0816,35,42,50,44,28,1,0,0.10417039802962513
IYB0918,3024,684,30234.391203703704,302,0,Illana Yvette Bradshaw,IYB0918,17,21,42,14,30,1,0,0.13853463172812008
JAD0609,4968,4145,29751.0634057971,663,0,Jana Amanda Dorsey,JAD0609,18,23,26,36,33,1,0,0.06747880073320944
JAJ0849,427,274,30380.555035128804,57,87,Jaquelyn Angelica Jimenez,JAJ0849,22,24,23,23,33,1,0,0.12415792229742345
JAM0382,2998,1314,30058.639092728485,451,0,Jena Audrey Malone,JAM0382,25,23,41,17,23,1,0,0.1541744675872453
JAV0361,3659,1462,30021.06067231484,491,0,Joseph Alan Vaughan,JAV0361,36,45,40,45,33,1,0,0.14281707353721595
JBD0616,5030,2655,29879.69741550696,788,0,Jocelyn Brenna Daniels,JBD0616,40,21,25,37,27,1,0,0.13713305774894402
JBM0350,4752,914,30065.5140993266,580,0,Jocelyn Bree Mccray,JBM0350,37,21,12,45,25,1,0,0.11431750260250534
JCC0225,3708,0,29939.31229773463,724,0,Jack Carlos Cannon,JCC0225,47,45,40,15,18,1,0,0.0978387258304198
JCG0316,4986,2962,29950.029482551145,943,0,Josiah Chester Gray,JCG0316,47,36,32,25,33,1,0,0.11761772859976655
JCR0172,5926,3037,30026.18849139386,1130,793,Jaquelyn Cassandra Roberson,JCR0172,43,41,41,39,31,1,0,0.03300927383215091
JCR0289,338,84,30218.05325443787,5,0,Jena Chanda Rollins,JCR0289,32,43,33,33,29,1,0,0.15006758865870645
JCR0770,1003,752,29533.332003988035,108,0,Jared Cameron Rosa,JCR0770,40,47,24,21,27,1,0,0.12722849382740897
JCR0921,3040,1256,30154.74769736842,406,0,Jonas Connor Riddle,JCR0921,47,46,31,40,34,1,0,0.14423795411083867
JCV0245,3039,637,30248.61105626851,462,0,James Cain Vargas,JCV0245,40,44,22,20,27,1,0,0.1697854042638975
JCW0858,4981,1020,30120.03834571371,686,0,Jeanette Cally Whitfield,JCW0858,14,35,22,41,39,1,0,0.10436978017812498
JDB0169,4657,883,30091.151170281297,866,0,Jonah Dakota Bird,JDB0169,20,14,23,48,33,1,0,0.09767915494538282
JDC0030,5071,4003,29954.441530270164,738,1367,Jenna Darrel Charles,JDC0030,31,18,19,21,26,-1,1,-0.023172496164503564
JDF0593,351,72,30288.071225071224,23,12,Jameson Damian Franco,JDF0593,30,45,11,41,29,1,0,0.0964149870204416
JER0404,3022,0,29980.77663798809,457,0,Jeanette Eliana Rivera,JER0404,38,46,18,16,30,1,0,0.16456042902044898
JFC0557,3002,2060,30261.21552298468,29,0,Jade Felicia Caldwell,JFC0557,22,16,23,40,33,1,0,0.11739285860763504
JFC0757,1056,0,29819.945075757576,90,0,Jolene Frances Carey,JFC0757,31,21,38,36,38,1,0,0.13527477163232438
JGM0934,3017,2436,30148.321842890287,806,0,Jared Geoffrey Morin,JGM0934,30,22,41,22,31,1,0,0.14770612020728274
JGT0221,1452,589,29915.671487603307,284,0,Jonathan Gary Terry,JGT0221,45,30,16,40,18,1,0,0.12555409523098138
JHP0583,390,316,30542.010256410256,38,52,Jorden Helen Pierce,JHP0583,37,25,40,42,37,1,0,0.09902291480243319
JIG0128,3030,0,29878.80066006601,460,0,Josephine Indira Garza,JIG0128,25,45,35,18,27,1,0,0.14529548823067934
JIM0095,3677,764,30263.83763937993,786,0,Jane Ignacia Mcdonald,JIM0095,10,18,21,15,35,1,0,0.0974465068647205
JJB0127,2973,0,29869.86915573495,459,0,Jin Jonathan Buckley,JJB0127,26,21,38,30,32,1,0,0.16060709062668477
JJB0700,337,291,30183.637982195847,56,0,Julie Jaime Burns,JJB0700,15,19,39,37,28,1,0,0.13084109404434263
JJH0292,339,227,30116.8790560472,7,2,Jane Justina Hunt,JJH0292,35,23,38,39,28,1,0,0.15929456114156465
JJH0613,5027,3321,30111.392878456336,692,0,Jael Jennifer Hansen,JJH0613,50,30,24,14,26,1,0,0.10899030798315601
JJM0203,1876,1340,29822.658315565037,411,0,Jonathan John Martinez,JJM0203,37,36,18,30,28,1,0,0.17061078383598988
JKB0126,3024,0,29969.665343915345,389,0,Jaden Kylan Buckley,JKB0126,43,24,19,33,28,1,0,0.16735217162123156
JKF0465,403,84,30485.913151364763,58,61,Jerry Kennan Fischer,JKF0465,10,37,12,17,32,1,0,0.05566244980925272
JKJ0698,429,107,30403.48717948718,63,92,Jescie Kristen Jenkins,JKJ0698,16,38,16,22,28,1,0,0.09600587354764117
JKM0303,330,172,29653.24848484849,4,0,Joel Kennan Mccarty,JKM0303,46,10,44,15,35,1,0,0.09222285266085861
JLM0364,3537,765,29900.081424936387,406,0,Jacqueline Latifah Miles,JLM0364,35,22,15,25,37,1,0,0.15133578662683395
JLW0053,4717,0,29752.74941700233,698,0,Jackson Linus Wilkerson,JLW0053,42,41,18,38,31,1,0,0.1409425172032448
JMB0308,2203,831,30247.49977303677,404,0,Jarrod Malik Burris,JMB0308,41,44,34,14,32,1,0,0.148313007460748
JMC0925,3372,2386,29744.96470937129,439,0,Jade Maris Coleman,JMC0925,33,10,23,19,31,1,0,0.1337324009738431
JMD0520,1009,594,29825.70267591675,20,0,Jane Maite Dotson,JMD0520,21,45,16,38,29,1,0,0.12601901608650629
JMH0543,2003,377,29769.810783824265,280,0,Jermaine Mannix Hansen,JMH0543,44,25,37,13,34,1,0,0.14374294456425196
JMK0099,2989,1815,30005.84677149548,658,0,Jakeem Magee Knight,JMK0099,40,37,41,41,25,1,0,0.15976685328839835
JML0909,1010,811,29947.138613861385,0,0,Jenette McKenzie Lynn,JML0909,24,32,39,40,21,1,0,0.12610439873979967
JMW0638,1007,432,29692.445878848062,212,0,Jonah Merritt Wilder,JMW0638,43,21,30,18,30,1,0,0.1553616853772663
JNA0559,3020,0,29977.26688741722,50,0,Justine Nola Adkins,JNA0559,10,10,41,10,31,1,0,0.0821747852439193
JNJ0556,3009,1545,29755.2974410103,26,0,Jaden Nicole Johnston,JNJ0556,43,45,22,33,34,1,0,0.13378598419001264
JOL0024,3640,1366,30163.21236263736,497,0,John Omar Lancaster,JOL0024,50,40,24,21,29,1,0,0.16212908504707035
JOM0750,5045,0,29785.90445986125,663,0,Jonathan Orlando Marsh,JOM0750,35,46,25,40,29,1,0,0.13716422015072932
JPA0667,2980,2048,30057.588590604028,477,0,John Price Atkins,JPA0667,49,42,34,35,27,1,0,0.15459449751375987
JPW0741,4984,0,30172.69823434992,718,0,Josiah Preston Wall,JPW0741,40,38,44,30,33,1,0,0.1363990504984443
JRF0835,339,168,29995.88790560472,46,0,Jessica Rachel Freeman,JRF0835,44,33,18,37,18,1,0,0.11773170601772387
JRG0207,3842,1353,30006.21655387819,683,0,Joseph Raja Gaines,JRG0207,42,37,40,21,27,1,0,0.17357626182082914
JRH0455,51,6,30164.45098039216,7,0,Jeremy Rooney Henderson,JRH0455,19,21,42,20,34,1,0,0.12593071061255712
JRL0574,331,0,31158.62839879154,31,0,Joy Rosalyn Leblanc,JRL0574,19,26,35,47,40,1,0,0.04782274319795499
JRS0362,3689,0,29804.54133911629,611,0,Jackson Rafael Sutton,JRS0362,50,50,14,37,24,1,0,0.11187870030275904
JSA0775,991,760,29922.81735620585,105,0,Julian Samson Allen,JSA0775,50,46,42,19,33,1,0,0.12967860796283603
JSH0330,1049,210,29548.91515729266,204,0,Judith Shaeleigh Hayden,JSH0330,20,16,23,24,28,1,0,0.14192930367931722
JTM0223,1489,995,30497.307588985896,375,0,Jerry Tad Mccall,JTM0223,35,48,20,21,30,1,0,0.1250293210742473
JTS0389,3335,566,29978.406296851572,534,0,Josiah Thaddeus Stewart,JTS0389,31,36,11,44,32,1,0,0.12890930134659306
JXH0493,5008,912,29656.40674920128,584,0,Justin Xerxes Hansen,JXH0493,36,32,23,15,31,1,0,0.13428035940565897
JZD0888,996,0,30272.168674698794,0,0,Jane Zia Day,JZD0888,20,20,30,14,30,1,0,0.13812750646808575
KAC0124,3058,0,29909.22138652714,497,0,Kathleen Aline Chan,KAC0124,33,14,30,18,33,1,0,0.16095947035239766
KAL0395,3021,1388,29949.01357166501,392,0,Kay Alexa Logan,KAL0395,13,24,22,28,29,1,0,0.1485200737520998
KAT0270,3045,2489,30066.23579638752,589,0,Kirby Amity Tyson,KAT0270,21,24,39,23,27,1,0,0.16116051197116038
KAT0489,5023,3321,30066.717101333863,480,0,Katell Amethyst Thornton,KAT0489,22,41,36,23,26,1,0,0.12052667903027253
KBB0189,3719,1507,29958.811777359504,969,0,Kaye Brianna Blair,KBB0189,49,23,16,33,30,1,0,0.11683804799228142
KBC0054,2980,0,30030.823154362417,298,0,Kyla Blythe Carter,KBC0054,42,43,17,41,32,1,0,0.15783995464462486
KBG0549,3365,2030,29760.363447251115,497,0,Kylie Brielle Greer,KBG0549,16,19,37,10,32,1,0,0.10931751563936754
KBL0260,3014,0,30228.652289316524,473,0,Kermit Beau Leach,KBL0260,16,15,48,16,32,1,0,0.10747555011400844
KBP0008,9145,4575,29927.389721159103,2254,0,Kirby Bo Pollard,KBP0008,23,18,40,11,34,-1,1,-0.06753637372063814
KBS0874,5062,3563,29951.893322797318,914,0,Kay Brynne Spears,KBS0874,23,39,37,33,29,1,0,0.10589209034559621
KCB0815,3061,599,29839.639986932376,622,0,Kaden Chastity Briggs,KCB0815,16,40,18,36,31,1,0,0.14398984064892223
KCF0045,3654,1177,29966.67159277504,943,0,Kendall Ciaran Frank,KCF0045,40,39,16,27,31,1,0,0.14941620251674886
KCO0122,3033,1872,29939.500824266404,620,0,Kermit Coby Oliver,KCO0122,30,32,26,38,33,1,0,0.1602609731154963
KCS0173,4679,3098,29892.7991023723,1007,0,Kenyon Chancellor Sharpe,KCS0173,39,20,50,20,30,1,0,0.06371701605452884
KDS0349,4745,0,29857.746680716544,741,0,Kim Dara Sullivan,KDS0349,18,23,20,32,29,1,0,0.1333809570620158
KDT0346,1003,733,29512.930209371883,207,0,Kibo Dolan Turner,KDT0346,36,41,10,22,33,1,0,0.1073422659600276
KES0729,5014,2790,29916.33286796969,698,0,Kylie Elizabeth Santos,KES0729,20,10,24,45,31,1,0,0.08929680218716346
KJA0152,3687,0,30118.10604827773,299,0,Kimberley Joy Anderson,KJA0152,16,16,39,38,34,1,0,0.11928421207950729
KJG0910,991,366,30400.83350151362,0,0,Kermit Jonas Gould,KJG0910,37,10,31,18,29,1,0,0.13888909653254455
KJJ0293,333,316,29943.14714714715,6,0,Kirk Jakeem Joyce,KJJ0293,41,42,23,39,33,1,0,0.15395618074324968
KJM0887,1005,695,30238.216915422887,0,0,Kibo Josiah Murray,KJM0887,31,47,14,16,32,1,0,0.12638623961379242
KJP0371,3700,2713,29843.61945945946,407,0,Kyla Jocelyn Porter,KJP0371,36,21,25,15,30,1,0,0.14338826403237392
KJS0618,5059,1963,30218.49812215853,698,0,Kay Janna Snider,KJS0618,19,15,20,10,37,1,0,0.08409431223743513
KJW0416,3037,0,29920.06387882779,373,0,Katell Jasmine Wiggins,KJW0416,50,46,39,41,30,1,0,0.1304806554290468
KKC0683,3054,0,29881.929927963327,69,0,Kessie Kay Cooper,KKC0683,32,37,37,48,35,1,0,0.12276869798812828
KKS0119,4684,3436,29747.16737830914,1048,0,Kimberley Kiona Sosa,KKS0119,15,28,39,33,27,1,0,0.050577325631421366
KKW0879,5158,1229,29904.63997673517,729,372,Keane Kennan Watts,KKW0879,36,42,21,31,27,1,0,0.1150094002205434
KLH0596,279,85,30431.444444444445,13,0,Kasper Lance Huffman,KLH0596,30,10,35,12,29,1,0,0.11406266039407192
KLM0639,1018,0,29608.37131630648,241,0,Katelyn Lani Murray,KLM0639,20,15,24,40,26,1,0,0.12125730090642128
KMB0922,3027,1726,30161.251734390487,486,0,Keegan Marvin Benson,KMB0922,43,43,17,24,27,1,0,0.17041455467650823
KMS0657,1006,0,30248.97912524851,255,0,Kay Maxine Skinner,KMS0657,17,31,21,17,29,1,0,0.14112236011135137
KMW0545,3025,1839,30083.88859504132,464,0,Keely Mollie Weiss,KMW0545,19,16,18,23,32,1,0,0.14864278907580125
KNB0022,3646,1498,29887.80032912781,883,0,Keane Nicholas Blevins,KNB0022,22,38,45,16,30,1,0,0.1290588370986907
KNG0672,2611,973,29754.761394101875,420,0,Kasimir Nehru Galloway,KNG0672,21,40,18,20,27,1,0,0.14690290192840355
KNW0644,1015,370,30269.34384236453,212,0,Keiko Naida Webb,KNW0644,15,20,23,15,25,1,0,0.12833890563847195
KPC0073,1311,925,29806.74599542334,178,0,Kareem Porter Collins,KPC0073,44,30,11,16,23,1,0,0.1421174732733218
KPP0452,341,130,29569.387096774197,33,0,Kai Penelope Peck,KPP0452,44,46,44,16,19,1,0,0.08952323455544559
KPR0497,5028,3714,29795.256364359582,653,0,Kirk Palmer Rosales,KPR0497,50,43,43,20,29,1,0,0.08713749549895872
KQC0708,336,0,30999.66964285714,56,0,Kevyn Quin Charles,KQC0708,34,18,39,42,23,1,0,0.07765285575427394
KQS0415,3032,1224,30273.4614116095,397,0,Kane Quinlan Stevenson,KQS0415,35,42,13,14,34,1,0,0.1441397649895561
KRG0158,3710,1317,30110.483827493263,934,0,Kenyon Raja Galloway,KRG0158,34,38,42,14,27,1,0,0.14531191227184537
KRL0062,3691,0,30107.255215388785,879,0,Keaton Ronan Leonard,KRL0062,37,16,17,20,33,1,0,0.12608418768182528
KRL0501,3871,0,29971.57220356497,458,0,Kirby Ruby Lyons,KRL0501,18,27,23,28,26,1,0,0.15171420279790154
KRM0541,3022,688,29996.55890138981,385,0,Kimberley Roary Maldonado,KRM0541,40,20,38,36,23,1,0,0.16661679613701647
KRV0372,3711,2410,29972.502559956883,440,0,Kennedy Robert Vega,KRV0372,40,39,25,35,32,1,0,0.17706617196538255
KSH0569,2998,2194,30032.897598398933,49,0,Kameko Signe Harrison,KSH0569,15,39,23,14,22,1,0,0.09453232556022495
KSP0357,2496,1004,29929.71113782051,373,0,Kennedy Shad Parker,KSP0357,41,40,29,19,24,1,0,0.17305561065895486
KSP0966,333,0,28846.273273273277,84,0,Kenneth Steel Porter,KSP0966,42,36,19,24,35,1,0,0.08808145112822424
KTG0091,2992,1022,29931.117312834223,668,0,Kendall Thaddeus Glover,KTG0091,46,41,16,15,29,1,0,0.15953948740326546
KVS0425,3014,1179,29802.257465162576,331,0,Kirestin Vanna Sykes,KVS0425,20,19,21,30,35,1,0,0.15284276505783423
KVT0028,3041,1163,29921.485037816507,454,0,Kessie Vielka Trevino,KVT0028,44,20,35,19,37,1,0,0.1550435168302532
KWC0004,8997,1811,29790.95687451373,1317,0,Kai Wynne Craft,KWC0004,23,38,39,20,27,1,0,0.03922129850218781
KWE0082,3028,1889,30101.321334214004,404,0,Kane Walter Eaton,KWE0082,38,43,19,48,35,1,0,0.13506238533934067
LAF0991,3025,2570,30018.59933884297,610,0,Lucas Ahmed Ferrell,LAF0991,40,39,36,22,34,1,0,0.16734865961309636
LAM0911,4728,1719,29760.40672588833,820,0,Lillith Adena Matthews,LAM0911,42,43,27,38,22,1,0,0.12267380054359672
LAP0338,1420,279,30193.412676056338,326,398,Lynn Adena Pratt,LAP0338,42,23,33,45,31,1,0,0.0820609783430003
LBC0356,3696,2586,30267.594696969696,416,0,Logan Branden Cherry,LBC0356,40,30,40,21,41,1,0,0.11357798326386426
LBF0214,6135,3348,29886.143113284437,1389,1399,Leslie Briar Fields,LBF0214,18,44,18,38,28,-1,1,-0.0627011132712545
LBH0942,3918,793,30037.760336906584,916,914,Lyle Brady Hayes,LBH0942,40,42,23,30,29,1,0,0.06860336721697025
LCB0664,4697,2383,30004.939110070256,526,0,Lysandra Chastity Brennan,LCB0664,16,19,36,24,32,1,0,0.1356933998095154
LCC0819,1413,0,29988.527246992217,381,0,Leslie Cassandra Colon,LCC0819,32,14,11,15,27,1,0,0.12445151522344311
LCD0622,4977,0,30298.42314647378,719,0,Leo Chaney Daugherty,LCD0622,30,26,13,14,26,1,0,0.11261819864397393
LDB0090,3657,730,29909.391577796006,747,0,Lani Dai Beard,LDB0090,40,14,39,41,34,1,0,0.13083209976436705
LDD0560,400,276,30579.6675,7,71,Leslie Denise Dillon,LDD0560,25,43,39,26,35,1,0,0.09487964092329959
LDG0459,332,205,29945.26807228916,39,0,Lacota Dahlia Good,LDG0459,20,41,10,50,34,1,0,0.06977252247882826
LDM0587,335,67,29884.90746268657,26,0,Lila Dana Mcintyre,LDM0587,49,20,23,21,26,1,0,0.1376784868546539
LEM0605,4958,2053,29858.37172246874,656,0,Leo Elmo Monroe,LEM0605,46,50,40,39,26,1,0,0.1106670841375913
LFS0071,3061,0,29831.94903626266,390,0,Lamar Francis Scott,LFS0071,48,31,14,17,25,1,0,0.1390092463932478
LHB0606,1161,514,29817.20844099914,159,0,Louis Hyatt Bruce,LHB0606,37,38,15,27,27,1,0,0.16774657974399876
LHB0967,330,0,29489.512121212123,60,0,Leo Hasad Byrd,LHB0967,37,38,41,47,33,1,0,0.12122115380715598
LHL0309,4981,1605,30044.143344709897,1001,0,Lacota Hilda Lindsey,LHL0309,19,34,27,46,37,1,0,0.0980886567563698
LHN0151,1680,359,29842.465476190475,148,0,Lacota Helen Nash,LHN0151,13,15,19,32,26,1,0,0.12027001817237154
LIM0674,3071,1776,30108.3620970368,570,72,Leah Idola Moran,LIM0674,18,13,35,49,20,1,0,0.06137811273880456
LJB0826,336,164,30141.64583333333,50,0,Laith Jason Britt,LJB0826,38,21,39,15,32,1,0,0.15691541607963522
LJJ0905,1026,688,29878.188109161794,0,0,Lionel Jasper Johnston,LJJ0905,43,36,12,22,30,1,0,0.15192584694702566
LJR0523,480,389,30106.829166666663,8,0,Lavinia Justine Richmond,LJR0523,32,21,11,33,25,1,0,0.1298346924179255
LJT0817,3024,2271,30083.422288359787,611,0,Luke Jacob Talley,LJT0817,39,43,38,39,24,1,0,0.1572385317008827
LLV0602,5058,888,30096.679715302493,764,0,Lee Lacey Velez,LLV0602,36,10,36,37,33,1,0,0.1301388346875511
LMF0980,3690,2699,30183.98970189702,877,0,Leonard Malachi Floyd,LMF0980,42,45,12,44,35,1,0,0.07855752755017598
LNR0656,1015,0,30079.712315270936,229,0,Lacey Nomlanga Rasmussen,LNR0656,25,39,12,30,23,1,0,0.11293785790250638
LNS0989,3037,2264,29994.68719130721,447,0,Lamar Nissim Strickland,LNS0989,34,38,45,30,31,1,0,0.16656071801780864
LOF0311,5030,2085,30130.38827037773,851,0,Lionel Omar Fisher,LOF0311,41,15,36,10,32,1,0,0.09995547411697098
LOM0086,1237,626,30564.4025869038,259,0,Lane Oleg Mclaughlin,LOM0086,18,10,34,23,33,1,0,0.09406122572796188
LPC0492,5075,2632,30017.71862068965,530,0,Lenore Piper Cardenas,LPC0492,30,23,22,30,26,1,0,0.14593176997649
LPH0572,36,39,29516.0,1,0,Lunea Priscilla Hardy,LPH0572,40,13,17,38,36,1,0,0.10290424297090689
LQC0479,2853,0,30039.37504381353,325,0,Leilani Quail Callahan,LQC0479,27,38,34,17,36,1,0,0.14299873141531982
LQP0508,991,549,30558.52270433905,13,0,Lester Quamar Pearson,LQP0508,26,44,21,40,27,1,0,0.11921739783174967
LRR0148,5427,2719,29983.169522756587,1188,671,Libby Rosalyn Richard,LRR0148,21,19,14,14,29,1,0,0.014597646764698324
LRW0970,337,232,30325.516320474777,79,0,Lilah Renee Wagner,LRW0970,10,26,39,22,28,1,0,0.11983159582783637
LTS0860,5096,1026,30198.354788069075,835,0,Leila Tallulah Steele,LTS0860,48,20,29,20,31,1,0,0.13346506058170848
LUR0896,867,200,30090.048442906573,0,0,Leonard Uriel Ramos,LUR0896,15,11,47,43,28,1,0,0.08465167373481947
MAD0496,1727,313,30139.64157498552,199,339,Martin Armand Douglas,MAD0496,34,30,40,42,24,1,0,0.09404459592838244
MAD0753,5049,1699,29838.52129134482,673,0,Mallory Alexis Daniel,MAD0753,50,30,36,41,33,1,0,0.12415751830395683
MAE0331,1022,367,29966.633072407047,171,0,Magee Ashton Evans,MAE0331,36,39,18,12,28,1,0,0.16032107932991285
MAH0149,3720,2546,30192.79758064516,402,0,Myles August Heath,MAH0149,41,39,38,27,40,1,0,0.12569437872991163
MAH0864,5046,1990,29817.77606024574,789,0,Malik Adrian Hebert,MAH0864,30,46,25,20,25,1,0,0.12022901097985589
MAR0955,284,0,29646.665492957745,57,0,Micah Abdul Rojas,MAR0955,36,44,23,44,25,1,0,0.13599579597313127
MAS0025,2706,0,30027.00628233555,390,0,Melissa Ava Stuart,MAS0025,23,14,20,21,23,1,0,0.1391020758269576
MAW0166,4665,0,29858.91446945337,886,0,Meredith Ainsley Wolf,MAW0166,44,16,21,17,34,1,0,0.12485525641839018
MBG0438,2009,844,30243.532603285217,262,0,Melvin Brody Garza,MBG0438,38,17,37,16,29,1,0,0.15860202559581887
MBJ0312,5053,2868,30022.79912923016,1047,0,Meghan Brianna Jensen,MBJ0312,22,45,49,12,26,1,0,0.04366072885040806
MBR0724,338,0,29668.41124260355,52,0,Montana Basia Roberts,MBR0724,33,44,18,35,31,1,0,0.13528184590456388
MBW0809,258,181,29637.96124031008,71,0,Marshall Benjamin Wilcox,MBW0809,43,45,44,18,19,1,0,0.10747437094172252
MCD0125,1542,845,29669.995460440987,221,305,Mallory Charissa Dixon,MCD0125,36,26,50,22,23,1,0,0.0715386144421194
MCF0327,5031,0,29765.574637249058,988,0,Martina Cassandra Fields,MCF0327,39,41,24,44,25,1,0,0.1187845604532013
MCF0600,239,48,29836.138075313807,15,40,Maxwell Clark Faulkner,MCF0600,39,49,13,26,27,1,0,0.11029989398090007
MCJ0324,4982,1707,29984.78823765556,994,0,Melodie Chantale Joyce,MCJ0324,28,20,40,20,36,1,0,0.11076017543436162
MCS0035,4650,0,30132.490322580645,863,0,Mallory Carol Spence,MCS0035,42,17,38,15,33,1,0,0.10924317844904519
MCT0720,337,0,30014.293768545995,57,0,Macey Christen Turner,MCT0720,34,12,20,22,37,1,0,0.12866588808124535
MDH0580,295,240,28833.613559322035,19,0,Morgan Deborah Hoover,MDH0580,41,37,18,40,31,1,0,0.09155514284206434
MDH0686,4020,3422,29893.130348258703,95,946,Maxwell Dante Hutchinson,MDH0686,37,43,31,20,38,1,0,0.00044006484306435834
MDM0625,5341,1088,30130.434750046807,916,0,Melyssa Deirdre Morgan,MDM0625,18,42,36,27,24,1,0,0.11719513827458039
MDM0976,3700,0,29888.601891891893,517,0,Myles Donovan Macias,MDM0976,41,40,38,20,31,1,0,0.17127497917428508
MES0407,2998,2274,30170.23448965977,430,0,Minerva Emerald Solomon,MES0407,38,44,25,47,37,1,0,0.11967216849329071
MFV0897,996,0,30148.80120481928,0,0,Meredith Florence Valdez,MFV0897,18,13,23,25,33,1,0,0.1249074562658885
MGS0974,4073,2418,30044.83672968328,474,364,Mari Gretchen Shaw,MGS0974,17,39,39,40,27,1,0,0.09220346633833959
MHA0798,3030,0,29829.5798679868,421,0,Montana Hannah Arnold,MHA0798,11,27,17,22,40,1,0,0.08929194293466053
MHG0244,2977,0,30294.92677191804,438,0,Matthew Harper Glass,MHG0244,42,46,21,15,22,1,0,0.13228239225867128
MHG0733,4973,0,29868.23366177358,630,0,Maxwell Hammett Green,MHG0733,43,30,24,42,29,1,0,0.1463063146412974
MHH0180,805,181,30191.50062111801,136,110,Merrill Hiram Hess,MHH0180,19,41,35,10,29,1,0,0.08266464136609741
MIB0904,1014,671,30899.02761341223,0,0,Margaret Illana Burch,MIB0904,22,21,34,38,25,1,0,0.0929544803725259
MIC0726,5039,1681,30180.97678110736,637,0,Martin Ivan Cooper,MIC0726,32,41,43,17,23,1,0,0.12373843673368784
MIL0255,3036,1118,30372.24209486166,470,0,Mercedes Ina Landry,MIL0255,38,16,39,21,27,1,0,0.15700351864966516
MIM0712,339,275,30062.283185840708,51,0,Mariko Ivana Mckee,MIM0712,16,15,39,23,22,1,0,0.1224669293177773
MJB0588,372,82,29631.163978494624,25,0,Mikayla Jaden Barron,MJB0588,39,24,15,47,38,1,0,0.1021351236177207
MJM0510,1005,755,30216.832835820896,9,0,Macon Joseph Morrison,MJM0510,32,33,22,18,39,1,0,0.1323100458547442
MJS0890,1022,740,29742.03228962818,0,0,Mira Jamalia Snow,MJS0890,10,26,16,11,29,1,0,0.09291748426226609
MKG0711,337,0,30729.459940652818,67,0,Myra Kay Greer,MKG0711,17,26,43,32,38,1,0,0.08261680827655149
MKL0941,2973,0,29858.583249243187,666,0,Madonna Kristen Love,MKL0941,16,26,20,38,30,1,0,0.13184933031316803
MKP0861,4983,3538,29717.43367449328,943,0,Macon Kyle Pope,MKP0861,36,42,39,34,29,1,0,0.07980091408974871
MKS0204,3682,696,30237.045898967957,670,0,MacKenzie Kristen Stewart,MKS0204,21,30,21,16,31,1,0,0.15330539206050564
MKW0441,1011,764,30023.2037586548,139,0,Macy Karleigh Winters,MKW0441,15,25,45,20,34,1,0,0.1327049146878998
MLD0755,5065,4025,29951.03790720632,771,0,Meredith Lunea Delaney,MLD0755,24,18,19,43,37,1,0,0.06560694749328144
MLG0475,337,195,30170.72403560831,41,0,Melodie Lee Glenn,MLG0475,45,16,18,19,25,1,0,0.13908432740879534
MLL0598,335,86,29463.994029850743,34,0,Marcia Lillian Lynn,MLL0598,44,17,23,49,29,1,0,0.10474053871968464
MLM0950,404,297,30430.37376237624,105,72,Madison Lydia Morrison,MLM0950,24,20,29,23,36,1,0,0.11534883942354568
MLP0668,3034,2504,30006.705339485827,403,0,Medge Liberty Petersen,MLP0668,40,17,16,43,33,1,0,0.1307660683934853
MMB0488,4439,1538,29842.502140121647,533,0,Maggy Melissa Burt,MMB0488,21,18,16,24,27,1,0,0.13383961093261554
MMG0943,2999,2382,29796.358786262088,604,0,MacKensie Mara Grant,MMG0943,23,27,28,34,26,1,0,0.14700245329987777
MNC0717,338,243,29986.476331360947,65,0,Mufutau Nehru Contreras,MNC0717,30,37,22,22,34,1,0,0.1579475698151312
MNR0829,331,135,29601.19335347432,49,0,Maryam Nelle Ruiz,MNR0829,41,33,40,15,23,1,0,0.1321795688730405
MNS0224,3688,1432,30015.034978308027,842,0,Medge Nichole Sims,MNS0224,46,21,22,45,30,1,0,0.1309778201334117
MOH0273,3463,654,30325.18538839157,731,462,Macaulay Otto Hopkins,MOH0273,39,40,47,50,26,1,0,0.04729386747386155
MOP0763,995,0,29745.626130653265,109,0,Merritt Oliver Phelps,MOP0763,43,41,22,20,33,1,0,0.15427249360256556
MOS0047,1892,1532,29938.729386892177,409,0,Mariko Olga Snyder,MOS0047,49,39,24,34,23,1,0,0.13424900346201873
MPM0220,2307,530,30407.594278283486,496,0,Meghan Phoebe Macias,MPM0220,35,20,42,22,20,1,0,0.13315281766680687
MPT0376,3195,1609,30287.90015649452,535,149,Meredith Pamela Tanner,MPT0376,19,37,41,48,35,1,0,0.08943850117150587
MSD0939,2993,617,29874.360841964583,686,0,Miriam Shoshana Donovan,MSD0939,24,37,15,42,31,1,0,0.1449054733409646
MSG0839,335,77,29517.077611940294,44,0,Malcolm Sebastian Garrison,MSG0839,42,46,19,39,29,1,0,0.13636522929567246
MSH0040,2711,2166,30088.07893766138,571,0,Megan Simone Hess,MSH0040,41,11,44,27,31,1,0,0.12826071289636598
MSO0222,2546,0,30137.957187745484,455,0,Medge Serina Obrien,MSO0222,32,12,39,46,28,1,0,0.11675415588086535
MSS0001,12034,1994,30031.57063320592,2566,0,Mona Susan Shannon,MSS0001,21,44,24,45,19,-1,1,-0.04055286766153088
MSZ0310,5011,1846,29928.526641388944,907,0,Molly Sacha Zimmerman,MSZ0310,24,38,18,31,29,1,0,0.13801397444744018
MTB0620,5042,3628,29916.56148353828,713,0,Malachi Thor Butler,MTB0620,38,44,41,50,28,1,0,0.05760893616704099
MTT0901,82,86,29655.86585365853,0,0,Mohammad Taylor Terrell,MTT0901,41,34,30,40,30,1,0,0.13660694988555094
MVB0515,1000,769,29769.644,17,0,Mallory Virginia Bender,MVB0515,38,14,33,31,28,1,0,0.1470442904130061
MVF0594,335,0,30450.137313432835,24,0,Mohammad Vladimir Farrell,MVF0594,35,38,33,44,36,1,0,0.13069361604072305
MVH0373,701,343,30163.74607703281,69,0,Madonna Veronica Hardy,MVH0373,44,19,20,21,25,1,0,0.15471528916441568
MYD0978,2687,910,29986.7372534425,335,0,Mark Yardley Dunlap,MYD0978,39,32,36,13,32,1,0,0.17381926832943262
NAB0801,3028,596,29941.896631439893,378,0,Nelle April Bowen,NAB0801,28,34,10,41,29,1,0,0.13258129888304204
NAB0903,1063,0,30077.154280338666,0,0,Noah Andrew Beck,NAB0903,44,30,19,30,37,1,0,0.14969610912744158
NAF0033,4678,1547,30258.117357845236,877,0,Nicolas Alvin Fitzpatrick,NAF0033,34,40,19,35,29,1,0,0.13668366804466403
NAF0326,7121,4263,29944.03749473389,1409,1597,Nichole Azalia Frye,NAF0326,33,15,25,20,30,-1,1,-0.07376357061233474
NAH0503,5750,3334,29756.869043478266,617,617,Nicole Aurelia Hanson,NAH0503,33,17,23,35,38,1,0,0.01920546159033487
NAR0981,3022,2328,30001.73461283918,534,0,Nigel Addison Rios,NAR0981,39,39,16,50,36,1,0,0.10603146388784968
NBC0412,3367,2191,29793.865458865457,388,0,Nyssa Britanney Carver,NBC0412,14,25,18,18,31,1,0,0.12993324951500668
NBH0256,3022,2009,29722.228325612177,594,0,Nicolas Brandon Hendrix,NBH0256,41,43,14,21,22,1,0,0.13629019658819302
NCE0097,3032,562,30102.6536939314,500,0,Nehru Cyrus Everett,NCE0097,48,36,20,11,35,1,0,0.1376183935644244
NCH0179,3707,2447,30128.81413541948,665,0,Nina Camille Hodges,NCH0179,17,12,40,17,25,1,0,0.1109205140433136
NCK0295,334,0,29882.032934131737,5,0,Noble Clinton Klein,NCK0295,31,30,38,36,34,1,0,0.14691068286513298
NCK0421,2995,0,29719.63305509182,413,0,Nash Conan Knight,NCK0421,40,41,18,43,24,1,0,0.13789202050078647
NCO0666,3028,1865,29911.281704095112,491,0,Nicholas Cade Owen,NCO0666,40,45,10,12,31,1,0,0.13044947744831675
NDM0417,3044,2413,30234.69349540079,367,0,Noble Devin Mack,NDM0417,44,36,50,12,34,1,0,0.100360396566264
NGC0058,3713,1858,30023.042553191488,488,696,Nadine Gay Cross,NGC0058,44,45,39,15,27,1,0,0.07283045788463882
NGF0157,3540,1746,29724.387288135596,944,449,Nissim Gil French,NGF0157,45,38,22,46,32,1,0,0.08198570947191075
NGO0690,3017,1533,29781.31322505801,63,0,Nigel Gareth Ochoa,NGO0690,43,41,41,17,24,1,0,0.14882368044084937
NHE0919,3037,2272,29655.629897925584,441,0,Nigel Harrison Estrada,NHE0919,25,16,32,21,24,1,0,0.1320052946744652
NHH0185,1006,210,29983.28827037773,217,0,Nathaniel Hunter Heath,NHH0185,41,43,19,21,33,1,0,0.1630904506544909
NIH0969,330,199,29832.251515151514,82,0,Naida Imelda Hughes,NIH0969,43,25,43,22,22,1,0,0.1430731101295003
NJB0243,3045,583,30084.496880131363,418,0,Norman Jackson Beck,NJB0243,23,35,37,24,34,1,0,0.16734117032512097
NJC0705,337,72,30137.75074183976,53,0,Nicolas James Cantu,NJC0705,43,39,29,36,31,1,0,0.1678788576533532
NKH0807,3028,1093,30169.418428005283,645,0,Nicolas Kadeem Hayden,NKH0807,45,44,40,22,20,1,0,0.13442296354840833
NKH0979,3735,3022,30028.79812583668,798,0,Nathan Kenneth Hicks,NKH0979,30,39,42,22,35,1,0,0.11952146572208233
NKP0236,2993,609,30109.24858002005,386,0,Nicholas Kato Pennington,NKP0236,45,41,19,40,31,1,0,0.17554344379989933
NLO0131,335,0,30499.08358208955,3,0,Nevada Leilani Ortega,NLO0131,19,13,46,40,29,1,0,0.0844904617935554
NMB0972,336,64,29753.223214285717,82,0,Naomi Meredith Baxter,NMB0972,45,22,17,20,29,1,0,0.14699660235719758
NMC0486,5044,0,29974.959159397305,628,0,Nicole Macey Craig,NMC0486,42,10,23,21,27,1,0,0.13160249852981726
NMF0780,1000,790,30052.357,100,0,Noble Merrill Fuller,NMF0780,44,38,36,20,34,1,0,0.16741019156566322
NMG0766,1002,224,29934.799401197604,88,0,Nichole Melodie Gilbert,NMG0766,16,23,42,40,31,1,0,0.1312187128538957
NMS0280,1260,657,29957.58095238095,0,247,Nell Mari Schneider,NMS0280,39,42,26,37,27,1,0,0.1291639893351884
NNA0610,5045,0,30074.930227948465,517,0,Nola Nerea Ayala,NNA0610,21,35,18,43,26,1,0,0.12867487847161135
NNS0059,3033,1968,30029.794592812395,405,0,Noah Nathan Shaffer,NNS0059,42,23,48,23,25,1,0,0.1381663451320253
NOB0181,1368,788,30175.75950292398,291,351,Nevada Odette Bass,NOB0181,31,21,21,41,25,1,0,0.09943754045048542
NRD0548,2635,0,30101.57229601518,382,0,Nissim Rafael Delacruz,NRD0548,41,37,41,15,31,1,0,0.15866791949818537
NRF0137,334,0,30025.074850299403,2,0,Noel Reagan Foster,NRF0137,10,49,38,17,32,1,0,0.08622304006103337
NRO0768,941,170,29968.22422954304,101,0,Nora Regina Oconnor,NRO0768,18,18,41,25,36,1,0,0.13569053651132207
NSC0597,333,228,29838.58258258258,18,0,Neve Sarah Crane,NSC0597,19,13,11,44,31,1,0,0.08800994043179289
NSS0876,4962,0,29597.75392986699,758,0,Natalie Sheila Santiago,NSS0876,26,20,25,42,31,1,0,0.10580433954860752
NUL0471,333,226,29421.063063063066,42,0,Nero Uriel Little,NUL0471,35,38,38,26,37,1,0,0.13184011697844972
NWK0215,5547,3678,30176.109789075177,1064,1174,Noelani Wynter Kennedy,NWK0215,21,19,45,18,24,-1,1,-0.03344638130792643
NWT0098,2829,1120,29976.265111346765,614,0,Nehru Wyatt Tate,NWT0098,35,39,26,36,33,1,0,0.18158342737413896
OBH0499,6229,3589,30088.707176111737,830,1170,Orson Barrett Houston,OBH0499,35,18,41,16,34,-1,1,-0.01950615999164873
OCB0805,3028,683,29993.67206076618,336,0,Oren Curran Brady,OCB0805,37,33,42,16,18,1,0,0.13526339502573087
OCS0865,5347,3925,30101.750888348608,1004,0,Oren Clinton Sharpe,OCS0865,29,24,43,35,32,1,0,0.06569894551693412
OHC0973,334,0,30093.739520958083,72,0,Otto Hedley Chase,OHC0973,42,24,42,17,35,1,0,0.14282302775926364
OJK0233,3041,1106,30174.929299572508,367,0,Octavius Judah Kirby,OJK0233,40,36,14,22,33,1,0,0.1731727103785637
OKB0439,3044,2321,30326.454664914585,394,0,Oleg Kane Britt,OKB0439,41,42,30,25,27,1,0,0.16696404226826972
OKC0107,3007,1117,29662.202859993347,0,0,Octavius Kelly Castaneda,OKC0107,32,40,16,47,35,1,0,0.09243849914215901
OLB0749,1444,0,29655.56094182825,218,0,Oscar Laith Berger,OLB0749,43,35,20,39,36,1,0,0.1397289777508488
OLF0504,5032,0,29868.25,595,0,Oliver Logan Fowler,OLF0504,41,43,20,41,31,1,0,0.14413365661336364
OLW0689,3025,2217,30020.87438016529,86,0,Owen Len Wheeler,OLW0689,22,25,40,35,27,1,0,0.1470040726860617
OMM0944,336,0,31058.14583333333,73,0,Octavia May Maddox,OMM0944,17,14,27,21,29,1,0,0.08169237326486872
OMS0101,3022,1024,29961.405360688284,602,0,Ocean Maite Summers,OMS0101,20,12,21,22,29,1,0,0.15222535485311184
ONL0276,3018,701,29952.048045062955,653,0,Octavia Nora Leblanc,ONL0276,48,46,17,41,20,1,0,0.11202553437019674
ONW0083,3002,1067,30071.42838107928,460,0,Oscar Nolan Wooten,ONW0083,46,30,25,30,26,1,0,0.17536472230607802
OQH0183,1004,206,30152.73605577689,162,0,Olivia Quynn Hardy,OQH0183,34,38,18,33,23,1,0,0.1590067990101789
ORB0473,333,228,30214.285285285285,44,0,Owen Ross Burks,ORB0473,38,44,46,38,38,1,0,0.11642497006099367
ORG0339,1023,211,29510.64907135875,197,0,Olivia Rose Galloway,ORG0339,50,28,46,47,20,1,0,0.06894935217511233
ORM0669,3019,1998,30258.93872143094,530,0,Orla Ruth Mckenzie,ORM0669,44,39,28,39,36,1,0,0.15063743392128748
OSH0655,1014,414,30520.57889546351,204,0,Olympia Shafira Harrison,OSH0655,16,21,42,39,28,1,0,0.09558115711538917
OYM0026,2994,593,30282.242150968603,0,0,Orla Yolanda Middleton,OYM0026,23,26,18,36,28,1,0,0.14732484758184022
PAD0773,1012,192,30463.258893280632,122,0,Patience Audrey Douglas,PAD0773,36,21,14,16,38,1,0,0.12144252845927112
PBP0002,3629,0,29987.10388536787,697,0,Price Bevis Pittman,PBP0002,49,35,23,10,27,1,0,0.13755665417260143
PDH0716,337,302,29391.091988130564,70,0,Phelan Dieter Hendricks,PDH0716,40,16,14,10,24,1,0,0.07550661096945205
PDW0259,2998,550,29980.995330220147,577,0,Patricia Denise Wright,PDW0259,43,32,38,36,33,1,0,0.16931636517163057
PES0085,3694,2898,30059.30887926367,732,0,Patricia Emily Salazar,PES0085,35,24,18,30,22,1,0,0.12327628666322316
PEV0323,5304,3344,29951.89083710407,1101,0,Plato Ethan Valdez,PEV0323,47,34,40,22,29,1,0,0.07744376618610949
PGC0066,3676,1499,30159.979053318824,522,0,Prescott Giacomo Conley,PGC0066,32,39,28,43,26,1,0,0.16114751093523327
PGH0184,673,566,29343.961367013373,161,0,Peter Gil Harrington,PGH0184,30,35,33,22,25,1,0,0.12218423785416804
PGO0433,2993,1257,29978.718008686938,528,0,Pearl Georgia Owen,PGO0433,44,40,19,46,35,1,0,0.15009289022651884
PID0426,3001,1843,30010.551149616796,420,0,Portia Illana David,PID0426,43,19,39,44,23,1,0,0.13369867924802092
PIS0522,994,782,30107.61871227364,6,0,Paula Isabelle Santiago,PIS0522,44,26,48,40,35,1,0,0.1305713914848538
PKB0281,3021,0,30207.17279046673,0,0,Preston Kennan Burns,PKB0281,39,12,44,26,25,1,0,0.11897136563695276
PKB0429,3022,995,29583.39543348776,493,0,Philip Keith Barron,PKB0429,34,42,43,40,22,1,0,0.11990021771741438
PLH0715,332,118,30107.448795180724,46,0,Penelope Lysandra Hayes,PLH0715,42,37,19,37,29,1,0,0.17245414232946038
PLH0862,5044,0,29923.866177636795,742,0,Prescott Laith Harding,PLH0862,32,37,25,16,32,1,0,0.1433573191046718
PMC0328,1003,665,30123.50249252243,204,0,Penelope Montana Colon,PMC0328,20,43,10,36,33,1,0,0.12004803914516932
PMJ0564,3014,2215,30069.367617783675,54,0,Paula Madaline Jackson,PMJ0564,30,21,40,14,39,1,0,0.11842320729759537
PMV0850,340,71,30156.979411764707,40,0,Priscilla Martha Vinson,PMV0850,23,39,12,42,23,1,0,0.10521974411980378
PNH0761,992,250,30191.030241935485,98,0,Phelan Nissim Howell,PNH0761,36,49,27,32,30,1,0,0.14508426715138184
PNL0301,164,69,28668.158536585364,1,0,Philip Nathan Logan,PNL0301,50,43,30,43,31,1,0,0.05139435571861717
POB0343,1009,0,30155.50941526264,156,0,Preston Odysseus Bryan,POB0343,46,19,44,27,34,1,0,0.1341250695691183
PPF0435,2759,560,30268.41718013773,482,0,Preston Plato Fischer,PPF0435,42,17,48,24,27,1,0,0.12685773471384598
PRM0740,4999,0,30151.73834766953,658,0,Price Rashad Mullen,PRM0740,45,40,45,42,27,1,0,0.11964020372766315
PSF0133,200,0,28463.945,4,0,Piper Sasha Fuentes,PSF0133,42,40,11,36,33,1,0,0.05463533305296442
PTH0552,3018,1423,30259.58482438701,429,0,Philip Travis Hartman,PTH0552,20,13,32,20,28,1,0,0.14631911080115223
PTH0830,411,83,29810.08759124088,65,72,Peter Tad Hartman,PTH0830,43,44,42,43,34,1,0,0.11132695903997397
QCH0110,884,0,30333.50226244344,0,0,Quinn Coby Hays,QCH0110,34,35,17,37,27,1,0,0.15541622169440572
QJR0688,3532,2195,29861.11806342016,71,126,Quyn Jolie Rosario,QJR0688,19,18,22,26,35,1,0,0.11191047956567107
QNF0205,3670,612,29940.75068119891,770,0,Quentin Nolan Fitzpatrick,QNF0205,35,41,22,21,29,1,0,0.1673768523435391
QNP0216,3710,0,29936.84770889488,896,0,Quemby Nita Pollard,QNP0216,19,35,39,26,34,1,0,0.11388581272435033
QOS0878,1547,1109,29826.908855850037,237,349,Quynn Odessa Sanford,QOS0878,18,12,20,16,29,1,0,0.08333067303625236
QPM0727,4991,0,30017.34562211981,798,0,Quincy Preston Moses,QPM0727,43,40,18,34,34,1,0,0.14292567408071882
QRM0739,5400,3135,29892.929074074076,892,0,Quail Rana Mclean,QRM0739,33,11,26,29,30,1,0,0.09150977093804846
QSV0778,1011,0,30140.233432245303,98,0,Quintessa Shana Vance,QSV0778,17,23,36,35,33,1,0,0.1429921958354063
RAB0589,191,124,29687.659685863877,19,0,Raymond Arsenio Blackwell,RAB0589,36,35,26,14,31,1,0,0.14105230473071212
RAG0275,2993,1259,30068.167724690946,625,0,Rashad Aristotle Guerrero,RAG0275,23,38,35,41,32,1,0,0.159408878789434
RAH0440,3024,0,29956.99107142857,362,0,Rashad August Hatfield,RAH0440,18,15,43,16,24,1,0,0.12875257017658648
RAM0447,432,267,29400.090277777777,62,94,Ramona Alma Moses,RAM0447,35,12,23,45,39,1,0,0.06806347511996813
RAR0725,176,45,30151.761363636364,29,0,Raphael Aristotle Ray,RAR0725,32,32,25,20,35,1,0,0.1374614211119652
RAS0432,2984,2215,29744.605898123325,438,0,Robert Aristotle Stevenson,RAS0432,44,47,40,41,16,1,0,0.09099584211608847
RAW0915,3490,2019,30087.05759312321,541,398,Robert Ali Webb,RAW0915,43,50,21,43,24,1,0,0.08247777159838998
RBB0485,5019,0,30061.905359633394,538,0,Raphael Benjamin Bryan,RBB0485,40,40,35,30,26,1,0,0.1523990313923702
RCC0617,5053,0,30010.427864634872,598,0,Rogan Chandler Coffey,RCC0617,33,50,13,12,27,1,0,0.10537932415877638
RCP0785,1004,0,30307.46314741036,85,0,Reed Chaim Perkins,RCP0785,42,38,43,30,32,1,0,0.14775695704115926
RDM0115,3677,1491,30046.453358716342,695,0,Rina Denise Mcgee,RDM0115,42,17,39,15,30,1,0,0.14516570186357652
RDM0150,1679,372,29580.002382370458,174,0,Raven Deirdre Morrison,RDM0150,39,15,37,26,30,1,0,0.14670642736516376
RDT0424,3012,1755,30196.11122177955,364,0,Rosalyn Daphne Tillman,RDT0424,38,44,19,34,28,1,0,0.16660644914905026
RFP0380,2996,1092,29806.379839786383,523,0,Reuben Fulton Pugh,RFP0380,39,39,20,20,32,1,0,0.17826457025786652
RGG0064,1900,1561,29999.63157894737,519,0,Riley Ginger Guy,RGG0064,36,19,20,42,34,1,0,0.1484939413562244
RGH0728,4114,1423,29978.319640252797,621,0,Raymond Gray Hyde,RGH0728,19,20,37,18,29,1,0,0.15478126785825674
RGN0408,3026,2377,29864.034368803703,355,0,Rhona Germane Nelson,RGN0408,11,21,22,22,32,1,0,0.1375732929513518
RHC0335,1006,0,29709.05964214712,195,0,Roth Hu Conner,RHC0335,36,35,40,46,25,1,0,0.1279705872649904
RHL0992,1575,926,29850.033015873018,330,0,Rachel Hermione Le,RHL0992,36,10,39,37,36,1,0,0.1400169587655845
RHO0732,5015,2629,29953.47537387837,868,0,Risa Hillary Obrien,RHO0732,20,10,21,19,34,1,0,0.10097232500159131
RHP0484,5302,905,30280.79536024142,627,0,Randall Hashim Palmer,RHP0484,35,37,24,16,31,1,0,0.14718112937424138
RHY0079,6102,1371,30002.29269092101,0,0,Rose Hanae Yates,RHY0079,20,19,14,21,26,1,0,0.10332707811135278
RIH0777,996,316,29594.0702811245,109,0,Renee Ivana Hayden,RIH0777,26,44,19,16,27,1,0,0.12302370207212776
RJB0088,3002,0,29905.991339107262,527,0,Roary Jane Barrett,RJB0088,20,42,37,45,24,1,0,0.13253405875386765
RJM0381,3024,2396,29970.401124338623,471,0,Rogan Judah Mcintyre,RJM0381,41,47,44,41,25,1,0,0.13086460027941732
RKD0604,2179,389,30047.99128040385,320,0,Rebecca Kelsie Daugherty,RKD0604,17,46,36,38,31,1,0,0.13113298184786454
RKF0164,2926,1717,29927.752563226248,565,0,Ryan Kelly Frost,RKF0164,40,42,17,18,42,1,0,0.12016290099223254
RLB0719,331,249,30200.625377643504,62,0,Risa Laura Bolton,RLB0719,14,18,15,40,35,1,0,0.09931289107554497
RLG0856,4908,2570,30074.359005704973,831,0,Risa Lana Guthrie,RLG0856,18,36,42,18,26,1,0,0.11602640445686369
RMS0266,3002,0,29883.88074616922,601,0,Roth Mannix Simon,RMS0266,33,40,25,23,37,1,0,0.15211745629498913
RMW0542,1406,0,29975.84281650071,215,0,Rae Melissa Wilson,RMW0542,17,21,20,13,41,1,0,0.09130120924813406
RNF0765,993,0,30302.36052366566,96,0,Ria Neve Flores,RNF0765,41,22,37,41,25,1,0,0.13571170048963577
RNL0695,3029,1135,29908.306041597887,96,0,Reece Nicolas Lopez,RNL0695,47,41,44,19,36,1,0,0.1410579078069868
RNP0211,4664,3417,30118.255574614064,1025,0,Rowan Neve Parks,RNP0211,39,15,25,40,30,1,0,0.07961217705467633
ROB0272,3002,0,29894.77748167888,616,0,Raymond Otto Bond,ROB0272,39,45,23,41,34,1,0,0.15361896465905456
RRA0938,3017,2014,30114.028505137558,662,0,Rogan Reuben Alexander,RRA0938,35,36,21,38,29,1,0,0.17915838562239927
RRC0553,675,136,30257.66222222222,81,105,Raya Regan Church,RRC0553,40,14,24,38,29,1,0,0.1212665584096817
RRP0568,2989,1836,30041.404148544665,66,0,Rhonda Rhona Parsons,RRP0568,43,50,38,18,33,1,0,0.13434050069458398
RSC0089,3208,1897,29768.87936408977,582,135,Robert Samuel Chen,RSC0089,41,26,35,21,29,1,0,0.14353063765122986
RSM0277,2993,1737,29898.44269963248,700,0,Roanna Sacha Monroe,RSM0277,37,38,20,50,22,1,0,0.10725605009438044
RTO0313,5015,2682,29946.84985044865,997,0,Raymond Tate Osborne,RTO0313,44,45,25,17,27,1,0,0.12632051860803006
RUM0880,5004,3869,29930.40367705835,818,0,Roary Ursa Massey,RUM0880,40,37,17,38,26,1,0,0.09719742048249419
RVC0232,3068,1078,30014.10625814863,380,0,Rama Vielka Clayton,RVC0232,34,20,47,38,25,1,0,0.13772008182183065
RVF0201,3692,1838,29745.48564463705,912,0,Reuben Victor Freeman,RVF0201,36,32,38,29,28,1,0,0.14898636352498368
RYB0718,336,111,30063.291666666668,58,0,Ruth Yael Burris,RYB0718,19,18,42,13,21,1,0,0.11175399689320609
RZC0746,6893,3457,29880.60365588278,1102,1745,Robert Zeus Cox,RZC0746,15,38,33,43,26,-1,1,-0.0911521923768066
SAA0999,3016,1796,29756.463196286477,382,0,Shelly Audra Ayala,SAA0999,20,17,34,11,36,1,0,0.09801199861477439
SAB0781,1003,874,29272.50149551346,80,0,Serina Ariana Butler,SAB0781,36,35,24,30,28,1,0,0.1261564494464808
SAC0592,341,241,29368.62756598241,17,0,Serina Amena Chavez,SAC0592,24,18,23,42,26,1,0,0.11328373210750614
SAC0687,3034,571,30040.78740936058,62,0,Samantha Audrey Curtis,SAC0687,20,49,37,19,22,1,0,0.12768470377260122
SAH0599,334,169,29070.982035928144,17,0,Sylvia Ariana Head,SAH0599,13,22,44,18,22,1,0,0.05674877534595113
SAK0375,3649,2945,29855.967388325567,536,0,Sonia Anne Kirkland,SAK0375,16,20,27,16,31,1,0,0.12055149329700093
SAP0867,2138,0,30100.252572497662,337,0,Sawyer Arden Puckett,SAP0867,13,25,43,19,30,1,0,0.12489422264245092
SAT0194,3649,1248,29738.21046862154,354,0,Sawyer Abel Turner,SAT0194,14,19,36,23,35,1,0,0.1290544608909477
SBD0913,1008,728,30021.77083333333,239,0,Sandra Beverly Diaz,SBD0913,45,16,19,19,42,1,0,0.11156689278171444
SBH0537,4812,2556,30021.47672485453,60,367,Stephanie Briar Harrington,SBH0537,34,21,14,13,33,1,0,0.07177947051503131
SBK0161,6001,3162,29984.735044159308,299,0,Sharon Britanni Kerr,SBK0161,14,27,23,41,39,1,0,0.047680925156756704
SBN0495,5107,1817,30075.522811826904,591,0,Sonya Beatrice Nichols,SBN0495,39,22,43,24,21,1,0,0.1246323183373721
SBN0866,5047,2647,29861.810976817917,824,0,Salvador Byron Norton,SBN0866,41,34,41,24,22,1,0,0.1108180410544845
SBN0971,434,268,29547.043778801843,90,91,Selma Barbara Nicholson,SBN0971,41,40,17,47,30,1,0,0.08916910049155802
SBQ0786,4659,1812,29976.634470916502,482,0,Sasha Britanney Quinn,SBQ0786,41,17,19,44,34,1,0,0.1241928856326251
SCB0534,1014,0,30313.85798816568,16,0,Sophia Cora Battle,SCB0534,20,18,35,22,29,1,0,0.1473712097738749
SCF0608,5377,1083,29912.703738143948,664,0,Shana Callie Ferguson,SCF0608,35,18,42,42,36,1,0,0.1088371853116667
SCP0130,1001,797,29642.33166833167,13,0,Shannon Chantale Price,SCP0130,42,18,35,32,24,1,0,0.13971934768886285
SDB0106,3031,1501,29993.88980534477,0,0,Stewart Dale Berger,SDB0106,35,46,26,27,37,1,0,0.13168695056149027
SDF0017,3690,1264,30122.21490514905,445,0,Skyler Deborah Frazier,SDF0017,11,40,39,18,30,1,0,0.13328273038738142
SDO0170,5016,2911,30125.75518341308,939,0,Samson Denton Oconnor,SDO0170,35,47,22,45,26,1,0,0.09119671294777737
SED0886,1014,596,29569.40039447732,0,0,Shelley Eleanor Dawson,SED0886,22,18,18,35,28,1,0,0.13321394212186977
SEJ0677,1535,0,30086.99543973941,261,0,Samuel Eden James,SEJ0677,44,39,23,36,25,1,0,0.16988212562636157
SER0165,3699,0,29970.39037577724,658,0,Stephanie Eliana Rasmussen,SER0165,20,15,24,17,27,1,0,0.14549752903157281
SES0477,5005,3881,30066.96183816184,735,0,Sebastian Elliott Sexton,SES0477,38,40,13,39,29,1,0,0.0933641127831924
SGB0140,336,214,29482.35119047619,6,0,Scott Gary Burks,SGB0140,50,45,40,16,24,1,0,0.1136732087052425
SGG0787,4651,3635,29937.55880455816,1082,0,Sara Gail George,SGG0787,14,27,10,20,31,1,0,0.037438244386422626
SGM0021,3682,2135,29892.937262357413,981,0,Sybill Grace Mckay,SGM0021,41,12,26,41,33,1,0,0.09792177559886245
SGS0268,3026,650,30190.135822868477,572,0,Sylvester Guy Sanders,SGS0268,47,45,30,19,22,1,0,0.15147082951118934
SHR0334,1011,0,30013.152324431256,194,0,Salvador Herman Raymond,SHR0334,36,41,45,19,31,1,0,0.15610823468330814
SHW0578,333,179,29180.084084084083,22,0,Seth Harlan Walls,SHW0578,39,42,14,49,31,1,0,0.09339574018404018
SIJ0661,4681,817,30427.716086306344,818,0,Sarah Imelda Juarez,SIJ0661,40,17,14,15,21,1,0,0.08368854662511838
SJC0333,1011,798,30395.16221562809,192,0,Sloane Jade Cochran,SJC0333,22,39,31,36,29,1,0,0.15099351626756036
SJF0094,3360,2141,29966.40773809524,788,0,Shea Jane Franks,SJF0094,35,19,16,44,30,1,0,0.12719980426300187
SJO0209,4775,3740,29786.37151832461,1066,0,Samson Jeremy Ortega,SJO0209,39,45,18,39,35,1,0,0.057987802398788535
SJW0451,339,0,29432.277286135693,49,0,Sharon Jemima Whitehead,SJW0451,43,30,16,50,28,1,0,0.09161648336991435
SKG0759,1002,906,30197.08582834331,86,0,Sonia Karly Goodwin,SKG0759,22,15,43,41,26,1,0,0.12554789793203497
SLB0049,6061,2460,29916.18528295661,530,0,Summer Leilani Boyer,SLB0049,14,27,16,22,20,1,0,0.07669966596026778
SLP0762,1002,360,30208.31437125749,78,0,Sydnee Leilani Parsons,SLP0762,26,13,40,18,26,1,0,0.14588838529630288
SLT0907,499,233,30310.008016032065,0,0,Shelby Lila Turner,SLT0907,16,15,43,27,27,1,0,0.11985606852508968
SMB0804,3039,0,29926.03093122738,297,0,Sierra Margaret Barker,SMB0804,38,10,19,36,33,1,0,0.15278299840042253
SMH0291,467,111,30369.28051391863,10,123,Shaeleigh MacKenzie Harris,SMH0291,23,22,10,24,32,1,0,0.07522427012774202
SMW0084,3044,1262,30255.0223390276,487,0,Stephanie Mary Whitehead,SMW0084,20,37,39,48,27,1,0,0.133616697869278
SMY0792,3021,1664,29723.939424031774,277,0,Savannah Marcia Yang,SMY0792,43,37,39,42,25,1,0,0.14818633517841995
SNC0187,876,523,29436.124429223742,163,0,Stuart Nicolas Cervantes,SNC0187,40,41,42,30,27,1,0,0.12833562984730018
SNS0129,3717,1582,30111.452515469464,883,0,Sage Nichole Savage,SNS0129,26,10,43,35,30,1,0,0.11856986553069443
SOB0360,2436,0,29897.330049261083,248,0,Sean Omar Burgess,SOB0360,42,22,40,16,32,1,0,0.15612932305358368
SOB0586,331,0,30354.28096676737,28,0,Slade Orson Burch,SOB0586,45,35,23,24,30,1,0,0.1508000837434071
SOF0808,3027,1026,29826.94152626363,658,0,Steel Orson Fields,SOF0808,45,40,38,22,27,1,0,0.17607669650785696
SOG0411,3003,2031,30195.474192474197,395,0,Suki Ori Grant,SOG0411,26,19,21,24,23,1,0,0.14998633864619865
SPA0141,3635,2507,29770.50563961485,787,0,Scarlet Pearl Ashley,SPA0141,43,22,10,21,29,1,0,0.11178471888662084
SRH0155,3892,2203,29795.024665981506,947,132,Sasha Rina Huffman,SRH0155,34,14,37,45,28,1,0,0.08337314963391773
SRS0231,3024,621,29588.333994708995,418,0,Sandra Roary Solomon,SRS0231,17,44,36,32,26,1,0,0.11037086524268008
SSG0250,3015,2287,29934.896185737976,492,0,Steel Solomon Garrison,SSG0250,35,40,20,36,25,1,0,0.17000407179673444
SSH0799,3001,1323,30037.103632122627,438,0,Sonya Samantha Hahn,SSH0799,23,18,31,31,40,1,0,0.13825790336398508
SSJ0784,1291,654,30476.36096049574,161,293,Sarah Susan Jarvis,SSJ0784,19,39,12,45,34,1,0,0.049313195327076564
SSR0278,1688,0,30102.930687203792,0,0,Simone Scarlet Rose,SSR0278,34,32,45,15,24,1,0,0.14129000563251182
SSS0345,1011,0,30169.56181998022,153,0,Sybill Sage Shaw,SSS0345,40,21,38,16,20,1,0,0.13016822091325858
SVL0803,3033,649,29649.81866139136,340,0,Stephanie Victoria Lyons,SVL0803,27,35,20,36,32,1,0,0.1446625093579222
SVL0940,2991,983,29993.516215312604,610,0,September Vielka Livingston,SVL0940,15,42,26,15,34,1,0,0.1321325663348875
SVS0871,5038,3635,30004.92298531163,690,0,Sylvia Velma Sweet,SVS0871,23,15,34,28,33,1,0,0.09625828006421444
SXM0895,1003,188,30127.3260219342,0,0,Sigourney Xandra Maddox,SXM0895,14,18,15,33,25,1,0,0.11908287630284103
TAC0300,344,0,30637.30523255814,6,0,Timothy Arthur Carroll,TAC0300,15,38,18,18,36,1,0,0.0845347767846773
TAP0551,1960,1285,29836.047448979592,253,0,Tara Alma Potts,TAP0551,25,17,27,20,22,1,0,0.1363121535474735
TBT0461,339,150,29437.451327433628,44,0,Teagan Briar Townsend,TBT0461,43,42,13,30,28,1,0,0.12009097197547941
TCD0009,3674,1612,30057.546815459988,324,0,Tasha Casey Dalton,TCD0009,44,28,44,38,23,1,0,0.13911246731020516
TDG0962,336,187,29587.49404761905,87,0,Tyrone Damian Garner,TDG0962,42,40,36,26,21,1,0,0.13223334881841864
TDJ0998,3013,1046,29774.658811815465,551,0,Tobias Dakota Jacobs,TDJ0998,34,40,10,42,36,1,0,0.12308059159623597
TDS0984,3735,678,29920.29558232932,552,694,Tara Dai Stevenson,TDS0984,39,39,15,40,38,1,0,0.07758667051271917
TEB0251,3029,1565,29934.511059755696,411,0,Theodore Eagan Bass,TEB0251,44,50,22,13,36,1,0,0.13266917615091317
TEM0093,2158,725,30044.182576459683,475,0,Thaddeus Emery Martin,TEM0093,28,24,45,14,30,1,0,0.14866281972601975
TEM0977,3694,0,29813.270438549,422,0,Tara Echo Myers,TEM0977,22,19,40,45,29,1,0,0.11892954319614502
TET0621,5032,4136,30292.817368839427,667,0,Tyler Eden Talley,TET0621,30,37,44,32,27,1,0,0.07106868328807558
THD0448,334,68,30250.661676646705,31,0,Tad Harlan Duncan,THD0448,41,32,29,38,32,1,0,0.15195730348021658
THR0873,5032,3447,29886.125,705,0,Teagan Hedy Romero,THR0873,37,44,21,40,38,1,0,0.08497574018071269
TIW0299,337,143,30016.489614243324,2,0,Talon Ian Ware,TIW0299,34,19,19,12,31,1,0,0.14670308940945082
TJB0302,334,76,29736.33832335329,5,0,Teegan Jillian Burris,TJB0302,42,47,24,40,29,1,0,0.14132736622383368
TJD0996,3015,2149,30301.59800995025,366,0,Thor Jameson Diaz,TJD0996,34,22,42,16,32,1,0,0.15728009752226269
TJG0582,336,0,30112.95238095238,33,0,Timon Jacob Gay,TJG0582,42,50,18,15,29,1,0,0.1300712570430833
TLH0648,1011,0,29916.10484668645,179,0,Tarik Linus Hubbard,TLH0648,32,35,18,24,26,1,0,0.16875983681296125
TLK0993,3014,0,30208.727604512274,674,0,Tallulah Liberty Kirby,TLK0993,41,36,40,35,22,1,0,0.13972563355554024
TLM0797,3009,2452,30224.4679295447,336,0,Tobias Lucas Morin,TLM0797,43,42,34,23,36,1,0,0.15518201388276537
TMA0069,3057,1091,29807.62348707884,411,0,Tobias Martin Ashley,TMA0069,33,38,42,14,33,1,0,0.1623495768562918
TNM0961,247,178,30490.384615384617,79,0,Troy Nicolas Molina,TNM0961,37,50,39,17,32,1,0,0.10029219482012863
TOR0193,3640,2785,29861.20412087912,412,0,Tarik Odysseus Rivera,TOR0193,30,40,25,45,30,1,0,0.13074112237187052
TPH0474,388,0,30018.72164948453,53,0,Tad Patrick Hardin,TPH0474,44,39,14,21,35,1,0,0.13965203396713072
TQS0212,4661,2300,29974.995709075305,1013,0,Tasha Quail Sanchez,TQS0212,14,42,45,20,27,1,0,0.09300951274878111
TRK0914,3002,1139,30017.42371752165,398,0,Teagan Raven Kennedy,TRK0914,40,19,14,33,30,1,0,0.16511137851089913
TSB0437,1020,234,29744.32549019608,148,0,Tamara Shaeleigh Best,TSB0437,26,23,16,30,26,1,0,0.14223541586528826
TSG0906,1008,845,30199.92559523809,0,0,Thomas Shad Guthrie,TSG0906,41,21,40,28,28,1,0,0.15510731319988186
TSM0363,3629,1469,29954.97106640948,438,0,TaShya Savannah Mcgowan,TSM0363,34,19,20,39,33,1,0,0.16620112523768232
TSM0927,3096,1343,29714.636950904394,441,0,Tana Sonya Moody,TSM0927,33,21,10,37,26,1,0,0.12598976272016343
TSR0676,3015,1556,30434.875953565504,495,0,Todd Scott Roth,TSR0676,43,40,26,19,33,1,0,0.15766116683078785
TTD1000,3000,1085,30186.554666666667,376,0,Tiger Tucker Dawson,TTD1000,34,34,24,40,29,1,0,0.17718181436193836
TUC0632,1019,0,29779.791952894997,197,0,Troy Uriah Conway,TUC0632,38,44,10,13,31,1,0,0.11344423266602133
TVS0006,8994,7259,29993.51300867245,618,0,Thomas Vladimir Stokes,TVS0006,43,43,37,20,41,-1,1,-0.003786877329766125
TVS0050,6253,3063,29930.41468095314,1570,0,Todd Vance Spears,TVS0050,40,38,18,30,29,1,0,0.06009459065315026
TYB0779,989,830,30443.65824064712,110,0,TaShya Yoko Bailey,TYB0779,24,20,35,36,34,1,0,0.12515590704560825
UAD0771,996,540,29494.64859437751,98,0,Uriel Axel Diaz,UAD0771,46,34,15,30,31,1,0,0.1345764052077466
UBF0645,1005,0,30164.53631840796,221,0,Ursa Britanney Frederick,UBF0645,34,20,34,23,31,1,0,0.1690174251332653
UCH0519,812,255,30080.272167487685,16,0,Ulric Colt Holt,UCH0519,33,40,20,47,28,1,0,0.14338637567851992
UCS0227,3048,0,29887.992782152232,388,0,Uriel Charles Solomon,UCS0227,22,32,41,35,34,1,0,0.14659337650248622
UFK0208,4709,1848,30196.112550435337,1009,0,Ulric Ferdinand Knapp,UFK0208,18,34,22,23,30,1,0,0.12138342481515974
UIR0043,3720,1267,30079.98682795699,817,0,Ursula Idona Richard,UIR0043,19,37,23,38,32,1,0,0.14465516861116712
UJC0737,4987,2245,29916.63665530379,763,0,Urielle Jane Carter,UJC0737,16,12,12,38,25,1,0,0.07309031898029217
USH0199,3052,1864,30235.054062909567,600,0,Upton Sebastian Holt,USH0199,44,39,46,36,25,1,0,0.13983081441236217
VAA0087,3011,1894,29972.22318166722,579,0,Vincent Avram Aguirre,VAA0087,36,44,42,18,23,1,0,0.1521822296363582
VCC0396,3021,2431,30214.165508109894,446,0,Vincent Craig Cunningham,VCC0396,21,45,16,37,23,1,0,0.11056782480413208
VCY0751,5021,3920,29959.68392750448,819,0,Vincent Calvin Young,VCY0751,37,24,39,19,25,1,0,0.09683291700574082
VEB0935,3011,0,29944.99236134175,723,0,Valentine Elton Britt,VEB0935,46,37,39,20,32,1,0,0.1656813862171671
VFM0814,2110,504,30055.365402843603,482,0,Vernon Finn Mcgee,VFM0814,46,45,44,19,28,1,0,0.14886057043795936
VIA0063,4701,954,30099.24399064029,612,0,Vance Ira Alston,VIA0063,40,34,19,50,33,1,0,0.11687624735731944
VLB0647,1018,674,29812.53831041257,228,0,Valentine Lucian Benjamin,VLB0647,48,40,42,47,24,1,0,0.11025210407022046
VMJ0147,4711,3880,30200.76077265973,313,0,Vera Mollie Jenkins,VMJ0147,23,28,37,22,24,1,0,0.08945638055122856
VMJ0546,3016,2451,30237.884615384617,454,0,Veda Martina Jacobson,VMJ0546,20,37,29,39,26,1,0,0.14756358782442391
VSA0230,2587,1385,30070.17935833011,315,0,Vivian Sarah Arnold,VSA0230,47,15,25,14,29,1,0,0.13445801669928392
VSS0154,2301,1417,30319.72142546719,173,0,Vernon Samuel Sawyer,VSS0154,43,49,10,40,30,1,0,0.10405002567217042
VTT0385,2964,623,29975.513495276653,488,0,Vladimir Thomas Todd,VTT0385,14,26,17,36,28,1,0,0.1375759456625537
WAB0143,2211,0,29954.817277250117,446,0,William Aladdin Bennett,WAB0143,43,43,24,22,33,1,0,0.16202524086192927
WAS0254,3052,1174,30173.641218872872,563,0,William Aristotle Sampson,WAS0254,43,37,16,18,35,1,0,0.16670376955157884
WBC0192,4704,4040,30172.228103741498,1209,0,Whoopi Britanney Camacho,WBC0192,47,36,39,39,27,1,0,0.05094070084327973
WBC0315,5019,1898,30046.73699940227,914,0,William Beau Callahan,WBC0315,40,37,40,45,24,1,0,0.12007956749645238
WDD0366,3215,1738,30086.36267496112,415,0,Wesley Dustin Dickerson,WDD0366,43,42,17,19,28,1,0,0.1753898530238322
WDO0870,4628,891,30066.17588591184,773,0,William Damian Oconnor,WDO0870,23,21,14,13,25,1,0,0.12110370055975972
WDV0573,353,243,30080.892351274782,59,0,Wang Dean Vasquez,WDV0573,48,36,13,31,33,1,0,0.137564334197114
WGR0833,339,0,29268.88790560472,52,0,William Graham Rowe,WGR0833,38,46,24,38,42,1,0,0.06370925093137014
WGS0516,1006,0,29528.3310139165,27,0,Willa Giselle Stanton,WGS0516,11,20,39,20,29,1,0,0.10503584271810074
WIF0691,3013,609,30231.02953866578,83,0,Wade Ira Frazier,WIF0691,33,39,37,30,24,1,0,0.15950703852410575
WIQ0567,3876,2824,29669.159184726523,47,799,Willow Iliana Quinn,WIQ0567,25,41,10,47,39,-1,1,-0.03545670596517736
WJD0576,334,59,30073.556886227543,24,0,Willow Jaime Daniel,WJD0576,40,20,23,38,26,1,0,0.15847661481755781
WKD0013,6076,1270,30093.332620144836,0,0,Wesley Kasper Duffy,WKD0013,42,36,40,27,34,1,0,0.12232273686456102
WKF0012,6056,2412,29996.994550858653,912,0,Walter Kaseem Foley,WKF0012,37,44,20,45,23,1,0,0.08024201620701937
WLV0566,3007,557,30144.29730628533,41,0,Whilemina Liberty Velez,WLV0566,10,19,38,24,39,1,0,0.1105944736550935
WNB0908,999,578,29361.0,0,0,Wing Noah Bonner,WNB0908,38,38,38,22,23,1,0,0.121105329796943
WPE0538,1007,979,29661.435948361468,85,0,Whilemina Pandora England,WPE0538,21,16,23,22,35,1,0,0.12364349401518665
WPR0368,4534,879,29975.54146449052,564,820,William Price Robles,WPR0368,48,34,40,17,31,1,0,0.07054893642924831
WRM0963,168,119,29282.255952380958,36,0,Wynter Rose Mercer,WRM0963,17,23,43,31,22,1,0,0.07969737408250355
WSR0241,3349,2065,29911.855479247537,389,0,Wanda Samantha Rogers,WSR0241,35,27,15,25,29,1,0,0.16431623461593803
WTF0387,3034,1117,30040.30388925511,484,0,William Trevor Fuentes,WTF0387,40,23,40,25,24,1,0,0.16931306925202522
WTR0563,2992,0,30189.364639037434,57,0,William Theodore Reeves,WTR0563,47,45,46,15,31,1,0,0.11181691144326361
WVB0539,4629,887,29973.860661049905,534,0,Winter Veda Burks,WVB0539,43,16,18,42,31,1,0,0.13657059639016378
WXH0872,5074,2631,29748.503153330705,717,0,Wynne Xyla Hartman,WXH0872,17,20,19,21,25,1,0,0.11111515571038788
XAA0104,3039,1872,30099.266205988813,722,0,Xander Aaron Acevedo,XAA0104,41,40,14,38,42,1,0,0.1278539536076958
XBN0229,2991,1218,29917.86827148111,346,0,Xandra Briar Nielsen,XBN0229,34,16,17,40,29,1,0,0.1537915436413705
XHG0902,1013,491,30260.050345508396,0,0,Xenos Hayden Gallegos,XHG0902,44,35,23,47,14,1,0,0.093476979253797
XHW0498,2827,2022,30349.368942341705,268,0,Xerxes Howard Wilcox,XHW0498,37,47,48,23,35,1,0,0.09935079159000143
XLB0710,338,0,29956.13017751479,52,0,Xanthus Louis Buck,XLB0710,46,38,39,36,20,1,0,0.11971961027994837
XRS0633,1012,452,29933.43774703557,187,0,Xenos Rudyard Small,XRS0633,34,39,39,40,23,1,0,0.16137704423086557
XWD0923,2443,1623,30165.09046254605,460,0,Xander Walter Doyle,XWD0923,16,38,45,20,31,1,0,0.1334535273557193
YCE0983,3027,2584,30104.92599933928,448,0,Yardley Cairo Elliott,YCE0983,39,21,42,30,36,1,0,0.14755774787702813
YDN0198,3693,1799,29775.80909829407,926,0,Yasir Dexter Nelson,YDN0198,45,50,41,11,24,1,0,0.09309617947417859
YEV0793,3005,1231,29913.720798668885,361,0,Yardley Ezra Vang,YEV0793,40,37,42,15,22,1,0,0.15857579658273296
YIC0195,3716,2387,30084.87755651238,519,733,Yolanda Idona Crosby,YIC0195,18,49,19,40,31,1,0,0.03634899652012047
YJF0532,994,638,29970.340040241448,17,0,Yoshio Joseph Farmer,YJF0532,40,35,23,47,26,1,0,0.14070217809080876
YJV0699,340,0,30563.397058823528,58,0,Yvette Jeanette Vang,YJV0699,17,25,30,13,31,1,0,0.1132549198103664
YWW0660,771,0,30052.21141374838,164,0,Yasir Wade Wilcox,YWW0660,39,35,37,10,36,1,0,0.12332033113535323
ZCF0590,329,0,29369.61398176292,27,0,Zane Cadman Fields,ZCF0590,42,42,42,25,31,1,0,0.10819483871439073
ZDW0859,5020,3100,29678.06294820717,811,0,Zeph Dakota Wilkerson,ZDW0859,39,45,26,41,32,1,0,0.09953352438956142
ZFM0468,336,161,30926.133928571428,42,0,Zenia Freya Macias,ZFM0468,35,16,20,45,30,1,0,0.08518956444329179
ZJE0857,5362,887,30153.795598657216,856,212,Zenaida Justine England,ZJE0857,35,34,36,38,31,1,0,0.1211266856122577
ZJS0269,3010,0,29938.084717607973,537,0,Zorita Jaime Spears,ZJS0269,30,34,16,35,27,1,0,0.1481282523577948
ZKS0899,1015,196,29893.791133004925,0,0,Zenia Kiona Stevenson,ZKS0899,47,20,42,43,30,1,0,0.1351464990141229
ZMC0284,2997,1386,29997.152819486157,0,0,Zachary Myles Cardenas,ZMC0284,42,33,41,30,31,1,0,0.15798263942806623
ZSB0649,1017,798,29642.576204523102,206,0,Zia Shelley Blankenship,ZSB0649,23,25,36,14,26,1,0,0.1391838194211621
ZSK0258,3000,553,29576.179666666667,512,0,Zachery Samson Kerr,ZSK0258,38,35,21,37,25,1,0,0.14764427603146552
ZSL0305,337,77,30452.320474777447,1,0,Zena Sigourney Langley,ZSL0305,21,26,18,41,32,1,0,0.12380785191471239
